Username,Categories,Subscribers,Country,Visits,Likes,Continent,CPM,clusters
KidsDianaShow,"Animation, Toys",113500000,Unknown,3900000.0,12400,Unknown,0.39246910299003324,1
PewDiePie,"Movies, Video Games",111500000,United States,2400000.0,197300,North America,0.37810575814736735,1
LikeNastyaofficial,Toys,107500000,Unknown,2600000.0,28000,Unknown,0.34678338739891257,1
VladandNiki,"Animation, Toys",101400000,Unknown,4100000.0,22100,Unknown,0.3628478268247949,1
zeemusiccompany,Music and Dance,99700000,India,74300.0,2600,Asia,0.26143135912381127,1
WWE,Video Games,97200000,United States,184500.0,6300,North America,0.2571553342166583,1
BLACKPINK,Music and Dance,91300000,United States,863200.0,146900,North America,0.2756377360337839,1
GoldminesTelefilms,Unknown,89700000,India,34600.0,421,Asia,0.2307272694619768,1
SonySAB,"Movies, Animation",85400000,India,35500.0,615,Asia,0.2181040082828032,1
5MinuteCraftsYouTube,Movies,80300000,India,164600.0,703,Asia,0.2060894357446364,1
BTS,Music and Dance,76500000,India,969700.0,180300,Asia,0.239270977553538,1
HYBELABELS,Music and Dance,72700000,United States,440700.0,23900,North America,0.19342736653851927,1
zeetv,Unknown,72500000,India,7300.0,144,Asia,0.1793651915226912,1
Pinkfong,"Animation, Toys",69600000,Unknown,506400.0,397,Unknown,0.18246214216527754,1
ChuChuTV,Toys,67500000,Unknown,652100.0,17800,Unknown,0.1821480520073886,1
KondZilla,Music and Dance,66600000,Brazil,30400.0,1100,South America,0.162651938854767,1
colorstv,Unknown,66600000,India,14700.0,413,Asia,0.16218867971855438,1
filmigaane,Music and Dance,66400000,India,33000.0,392,Asia,0.16202187015123132,1
TSeriesBhaktiSagar,Music and Dance,62600000,India,24900.0,983,Asia,0.1507194983388704,1
tipsofficial,Music and Dance,60900000,India,80200.0,935,Asia,0.14698886452492999,1
MOVIECLIPS,"Movies, Animation",59900000,United States,16600.0,231,North America,0.14246226851555718,1
ElReinoInfantil,Music and Dance,59700000,Unknown,393000.0,2600,Unknown,0.15096479449640687,1
dudeperfect,Video Games,59700000,United States,5300000.0,156500,North America,0.2870667878518886,1
aajtak,News and Politics,58900000,India,7600.0,229,Asia,0.13930572566233054,1
WaveMusicIndia,Music and Dance,58700000,Unknown,36600.0,792,Unknown,0.13947118187573837,1
SonyMusicIndia,Music and Dance,57900000,India,26300.0,964,Asia,0.13689865456990125,1
marshmello,Music and Dance,56700000,United States,145900.0,8900,North America,0.1372774184284213,1
yrf,Music and Dance,55700000,India,60300.0,2100,Asia,0.1313683373692146,1
infobellshindirhymes,Education,55700000,Unknown,1200000.0,34700,Unknown,0.16253013138914815,1
LooLooKids,Music and Dance,54800000,United States,595600.0,2700,North America,0.14125062953220766,1
TaylorSwift,Music and Dance,54100000,United States,4300000.0,300400,North America,0.2678651698007297,1
EdSheeran,Music and Dance,53700000,United States,144200.0,10200,North America,0.12858273339033605,1
BillionSurpriseToys,Toys,53100000,Unknown,1600000.0,0,Unknown,0.15921323159866588,1
ArianaGrande,Music and Dance,52900000,United States,1100000.0,85800,North America,0.15925307651639264,1
shemaroo,Unknown,48800000,India,22600.0,163,Asia,0.10988089068527304,3
JuegaGerman,"Movies, Animation",48600000,Mexico,2000000.0,117100,North America,0.17198283194851477,3
BillieEilish,Music and Dance,48600000,United States,208100.0,27200,North America,0.11746788178240182,3
getmovies,Unknown,48100000,Unknown,55700.0,329,Unknown,0.10861150404349616,3
sonymusicindiaVEVO,Music and Dance,47500000,India,36600.0,664,Asia,0.10644700225182595,3
A4a4a4a4,"Animation, Comedy",47300000,Russia,9700000.0,330400,Europe,0.37769298670443646,4
badabunOficial,Unknown,47000000,Mexico,6800.0,260,North America,0.10422278730361793,3
HarPalGeoOfficial,"Movies, Animation",46400000,Pakistan,11000.0,299,Asia,0.1025578602627783,3
vootkids,Unknown,46000000,Unknown,540900.0,3400,Unknown,0.11414533415138796,3
ARYDigitalasia,Unknown,45900000,Pakistan,20000.0,242,Asia,0.10128554232453707,3
felipeneto,Unknown,45600000,Brazil,850600.0,82100,South America,0.13141173495029665,3
abscbnentertainment,Unknown,45000000,Philippines,6100.0,180,Asia,0.09830117003570285,3
vcsabiavideos,Unknown,45000000,Brazil,665700.0,39800,South America,0.11930070491942378,3
BRIGHTSIDEOFFICIAL,Unknown,44600000,United States,22700.0,430,North America,0.09754414890770126,3
KatyPerry,Music and Dance,44400000,Unknown,101400.0,7500,Unknown,0.09979499050316888,3
Shakira,Video Games,44400000,United States,102100.0,8200,North America,0.09991126957293633,3
whindersson,"Music and Dance, Animation",44400000,Brazil,174600.0,35700,South America,0.10552588751313566,3
MashaBearRUSSIAN,Unknown,44200000,Unknown,664500.0,5700,Unknown,0.11204380552056341,3
Alanwalkermusic,"Music and Dance, Movies",44000000,United States,124700.0,8200,North America,0.09925806904294135,3
MashaBearEN,"Movies, Animation",43700000,Unknown,856200.0,7500,Unknown,0.11528561050591024,3
Mikecrack,"Movies, Animation",43400000,Mexico,2200000.0,183400,North America,0.17078125828117147,3
toysandcolors,"Movies, Toys",42900000,Unknown,2000000.0,4600,Unknown,0.13911376094093691,3
speedrecords,Music and Dance,42900000,India,21100.0,1100,Asia,0.09259283070837876,3
LikeNastya_Show,"Movies, Toys",42500000,Unknown,972200.0,2400,Unknown,0.113718367719912,3
KimberlyLoaiza,Music and Dance,42100000,Mexico,5300000.0,271300,North America,0.2516003831367609,4
IshtarMusic,Music and Dance,42100000,India,32600.0,994,Asia,0.09048756586101339,3
luisitocomunica,Unknown,41100000,Mexico,2500000.0,128900,North America,0.1631942921107768,3
LittleBabyBum,"Animation, Toys",41000000,Unknown,99000.0,184,Unknown,0.08867438732711524,3
shfa2,"Animation, Toys",40600000,Unknown,585500.0,4800,Unknown,0.0994689874615721,3
CarryMinati,"Movies, Comedy",40300000,India,0.0,0,Asia,0.08428290766208252,3
luccastoon,"Movies, Animation",40100000,Brazil,588600.0,13100,South America,0.09925331736386245,3
SuperSimpleSongs,Music and Dance,39900000,Unknown,648400.0,10100,Unknown,0.09962605264703772,3
JessNoLimit,"Movies, Animation",39600000,Indonesia,1300000.0,73500,Asia,0.12295259743226572,3
xxxtentacion,Music and Dance,39500000,United States,225700.0,28500,North America,0.0912456095921258,3
SonyPAL,Unknown,39500000,India,21800.0,255,Asia,0.08246874912700952,3
WorkpointOfficial,Unknown,39400000,Thailand,6200.0,157,Asia,0.08179726294799915,3
gr6explode,Music and Dance,39300000,Brazil,120300.0,5700,South America,0.08494791298161335,3
TEDx,Unknown,39100000,United States,160.0,3,North America,0.08075071138771221,3
GaaneSuneAnsune,Music and Dance,39100000,India,28800.0,211,Asia,0.08144647218505441,3
shfa-1,Daily Vlogs,39100000,France,5300000.0,57300,Europe,0.21218809012525375,4
vladvaniki1,"Movies, Comedy",38700000,Unknown,890600.0,3400,Unknown,0.10076512215339828,3
TheEllenShow,Unknown,38300000,United States,26000.0,433,North America,0.0790555063410113,3
DaddyYankee,Music and Dance,38300000,Colombia,82800.0,6500,South America,0.08124315085928373,3
LikeNastya_ESP,Unknown,38100000,Unknown,403800.0,1800,Unknown,0.08744744760425303,3
one31official,Unknown,38100000,Thailand,4800.0,122,Asia,0.07792866355109689,3
ABPNEWS,Unknown,38100000,India,2400.0,59,Asia,0.07786384959760852,3
MariaClaraeJP,"Movies, Animation",37700000,Unknown,1700000.0,10800,Unknown,0.11769856601113511,3
YouTube,Unknown,37500000,United States,101200.0,3400,North America,0.07887063684248315,3
PowerKidstv,"Movies, Animation",37400000,India,41700.0,0,Asia,0.07670650614520035,3
Jkk_Entertainment,Unknown,37300000,India,2300000.0,20100,Asia,0.13180184388645577,3
UltraBollywood,Unknown,37300000,India,24300.0,185,Asia,0.07603358807250228,3
SaregamaMusic,Movies,37000000,India,27300.0,703,Asia,0.07529326907035487,3
RicisOfficial1795,"Music and Dance, Movies",36900000,Indonesia,343800.0,27500,Asia,0.08618718156244085,3
beterbocuk,Unknown,36800000,India,1000000.0,54100,Asia,0.10495295119738397,3
IndiaTV,News and Politics,36700000,India,14300.0,255,Asia,0.07404285704495167,3
LaGranjaDeZenon,"Music and Dance, Animation",36600000,Unknown,599800.0,5200,Unknown,0.08807086920481175,3
tseriesoldisgold,Music and Dance,36500000,India,41100.0,1200,Asia,0.07421172189623325,3
Ozuna,Music and Dance,36300000,United States,22700.0,2400,North America,0.07336585252824573,3
TotalGaming093,"Movies, Video Games",36300000,India,1500000.0,129400,Asia,0.12586452362459127,3
GenevievesPlayhouse,Toys,35700000,Unknown,965500.0,824,Unknown,0.09329811817843602,3
TechnoGamerzOfficial,Unknown,35600000,India,6200000.0,341800,Asia,0.2634468379794921,4
RyansWorld,"Video Games, Toys",35500000,Unknown,326500.0,2000,Unknown,0.07801626209948502,3
markiplier,"Animation, Video Games",35500000,United States,2100000.0,126500,North America,0.13704616243171092,3
tseriesapnapunjab,Music and Dance,35000000,India,23300.0,601,Asia,0.06929176475925043,3
JingleToons,Unknown,35000000,India,111400.0,641,Asia,0.07134631625426704,3
thedonato,Unknown,34700000,Mexico,710700.0,42400,North America,0.09036501054115618,3
YOLOAVENTURAS,"Movies, Animation",34600000,Mexico,1100000.0,73600,North America,0.10358094628905613,3
GeetMP3,Music and Dance,34500000,India,0.0,0,Asia,0.06719056974459725,3
Rajshri,Unknown,34200000,India,13700.0,119,Asia,0.06664208795175218,3
starplus,Unknown,34200000,India,10500.0,267,Asia,0.06658881220424387,3
jbalvin,"Animation, Video Games",34200000,Colombia,16900.0,1600,South America,0.06692807798497477,3
SSSniperWolf,"Animation, Comedy",34200000,United States,1200000.0,34600,North America,0.09915631718763257,3
Ch3Thailand,Unknown,34000000,Thailand,34500.0,442,Asia,0.0665825607764557,3
vegetta777,"Movies, Animation",34000000,Mexico,249900.0,19400,North America,0.07430014881632281,3
NoCopyrightSounds,Music and Dance,33600000,United States,191100.0,6900,North America,0.06996821074479959,3
KHANDESHIMOVIES,Unknown,33600000,India,758300.0,6200,Asia,0.08305890841921819,3
babybus,"Animation, Toys",33300000,Unknown,267300.0,623,Unknown,0.06995950303833326,3
DisneyMusicVEVO,"Music and Dance, Movies",33200000,United States,276900.0,3200,North America,0.07025620622809364,3
KarolG,Music and Dance,33000000,Colombia,74000.0,2700,South America,0.06487678204283037,3
WowKidz1,"Animation, Comedy",33000000,Unknown,17200.0,88,Unknown,0.06318270895312939,3
PANDABOI,Unknown,33000000,India,2500000.0,66600,Asia,0.1304239581225646,3
erosentertainment,Movies,33000000,India,7100.0,93,Asia,0.06294853951791345,3
gmanetwork,Unknown,32900000,Philippines,2600.0,83,Asia,0.06254776430235823,3
LucasandMarcus,"Animation, Comedy",32800000,United States,706100.0,23300,North America,0.08193024822301562,3
AboFlah,"Animation, Video Games",32700000,Iraq,3300000.0,382000,Asia,0.19320166569849032,4
MRINDIANHACKER,Unknown,32600000,India,6500000.0,617400,Asia,0.30095414629688855,4
FrostDiamond,"Movies, Animation",32600000,Indonesia,316200.0,13200,Asia,0.07083055825702146,3
MrBean,"Movies, Comedy",32400000,India,204400.0,1800,Asia,0.06601259586577811,3
WorldwideRecordsBhojpuri,Music and Dance,32200000,India,44200.0,1600,Asia,0.061669052079185945,3
rezendeevil,Movies,32200000,Brazil,413400.0,15600,South America,0.07225509859081385,3
SMTOWN,Music and Dance,32200000,United States,132300.0,12700,North America,0.06530360357420256,3
PeppaPigOfficial,Toys,32200000,Unknown,110200.0,508,Unknown,0.06304793580011617,3
zeenews,News and Politics,32100000,India,14700.0,231,Asia,0.06049273865765066,3
fedevigevani,"Animation, Comedy",32000000,Mexico,7700000.0,412200,North America,0.2977786644387732,4
dream,"Animation, Video Games",31900000,United States,3300000.0,309200,North America,0.18044410184780268,4
GENIALBrightSideSpanish,Animation,31800000,Mexico,15500.0,524,North America,0.05966911400766273,3
luisfonsi,Unknown,31600000,United States,20800.0,1400,North America,0.05932812171608718,3
zhong,Unknown,31400000,United States,2900000.0,118300,North America,0.14239687028829898,3
fallontonight,Unknown,31200000,United States,263100.0,3900,North America,0.06414136636881645,3
dianaandromaesp331,"Animation, Toys",31100000,Unknown,403500.0,714,Unknown,0.06665664430940742,3
ShortsBreak_Official,Unknown,31000000,India,8600000.0,503400,Asia,0.32879051361212464,4
ImagineDragons,Music and Dance,31000000,United States,77100.0,10700,North America,0.060197822582224274,3
vladnikihindi,Unknown,30900000,Unknown,897100.0,3400,Unknown,0.07793003739989166,3
AttaHalilintar,"Music and Dance, Movies",30600000,Indonesia,155300.0,7600,Asia,0.060394788165186127,3
enaldinho,Movies,30600000,Brazil,1800000.0,63400,South America,0.10661505394591703,3
toyoraljanahtv,Music and Dance,30600000,Unknown,131100.0,0,Unknown,0.05874628318179742,3
jacksepticeye,"Animation, Comedy",30400000,United States,1600000.0,83400,North America,0.10423164304969029,3
TrapNation,Music and Dance,30400000,United States,47800.0,1600,North America,0.056448254345371346,3
LittleAngel,"Animation, Toys",30400000,Unknown,394800.0,209,Unknown,0.06431930750151753,3
TalkingTom,"Movies, Animation",30400000,United States,201300.0,798,North America,0.05990345035866039,3
spinninrecords,Music and Dance,30200000,United States,31900.0,1200,North America,0.05543195308369613,3
HUMTV,Unknown,30200000,Pakistan,1100.0,7,Asia,0.05454524544250012,3
Dushyant_kukreja,Unknown,30000000,India,5900000.0,231000,Asia,0.22413857541006077,4
KLBROBijuRithvik1,Unknown,29900000,India,1600000.0,49800,Asia,0.09795816564301052,3
ultrarecords,Music and Dance,29800000,United States,15800.0,607,North America,0.05379403826798688,3
zamzamelectronicstradingllc,Unknown,29700000,India,268700.0,18400,Asia,0.06192259527834528,3
AlanChikinChow,"Music and Dance, Comedy",29700000,India,3600000.0,106500,Asia,0.15198040258731538,3
infobellstamilrhymes,Education,29500000,Unknown,1200000.0,17700,Unknown,0.08289134385055708,3
Maluma_Official,Music and Dance,29400000,Colombia,226400.0,8500,South America,0.058640502189819144,3
infobellstelugurhymes,Education,29400000,Unknown,271400.0,5600,Unknown,0.059272728103440406,3
adityamovies,Unknown,29400000,India,26600.0,1000,Asia,0.0529225619904836,3
MashaOso,Unknown,29300000,Unknown,543200.0,5700,Unknown,0.0653132485689483,3
shemaroomovies,Unknown,29200000,India,24100.0,242,Asia,0.052166745778642255,3
gulshankalra07,Unknown,29200000,India,8100000.0,431100,Asia,0.30152951654276183,4
junya1gou,Unknown,29000000,Japan,195000.0,924,Asia,0.05564920199205007,3
adityamusic,Music and Dance,28800000,India,28200.0,568,Asia,0.05112988411907917,3
MichaelJackson,Unknown,28800000,United States,227300.0,9100,North America,0.05697897382007586,3
GoldminesDishoom,"Movies, Video Games",28700000,Unknown,14100.0,167,Unknown,0.05044999594671331,3
DrakeOfficial,Unknown,28400000,United States,0.0,0,North America,0.04921414538310413,3
KidsRomaShow,"Animation, Toys",28200000,Unknown,1200000.0,3100,Unknown,0.0769745883074754,3
toycantando,"Music and Dance, Animation",28100000,Unknown,426400.0,11700,Unknown,0.059917766580292284,3
SandeepSeminars,Daily Vlogs,28000000,India,1200000.0,58500,Asia,0.08429948305908923,3
LankyBox,"Animation, Video Games",28000000,United States,346500.0,6300,North America,0.05699350299264404,3
bouncepatrol,Music and Dance,27900000,Unknown,339300.0,6600,Unknown,0.05657422279370011,3
JYPEntertainment,Music and Dance,27800000,United States,177700.0,8700,North America,0.05282138777748043,3
nickjr,"Animation, Toys",27800000,Unknown,109200.0,191,Unknown,0.05001279309309505,3
CrazyXYZ,Unknown,27800000,India,4200000.0,284100,Asia,0.18570610538545385,4
DanTDM,"Animation, Video Games",27800000,United States,3500000.0,285000,North America,0.1695556070465834,4
wizkhalifa,Music and Dance,27800000,United States,87400.0,4100,North America,0.05006424492033758,3
brentrivera,"Video Games, Comedy",27600000,United States,6400000.0,154100,North America,0.2177080765490278,4
NichLmao,Daily Vlogs,27500000,United States,1500000.0,85800,North America,0.09370274983845597,3
GoldminesBollywood,Unknown,27300000,India,8900.0,62,Asia,0.046188328975451824,3
renatongarcia,"Movies, Animation",27200000,Brazil,748200.0,68800,South America,0.07290637103564412,3
toypudding,Unknown,27100000,United States,0.0,0,North America,0.04538310412573674,3
dbillions,"Music and Dance, Animation",27100000,Unknown,1000000.0,651,Unknown,0.06873191807922512,3
Netflix,"Movies, Animation",27000000,United States,202600.0,2200,North America,0.05011432226566325,3
RaffyTulfoInAction,News and Politics,26800000,Philippines,398300.0,5300,Asia,0.054518951236546154,3
enchufetv,Unknown,26800000,Ecuador,34300.0,4300,South America,0.04591097781461924,3
mujjuu___14,Unknown,26800000,India,4500000.0,144000,Asia,0.16972160904385514,4
indosiar,"Music and Dance, Movies",26700000,Indonesia,18800.0,471,Asia,0.044708817217004225,3
SpiderSlack,Unknown,26600000,Brazil,532500.0,37700,South America,0.061679061935003825,3
worldstarhiphop,Music and Dance,26600000,United States,40300.0,993,North America,0.04498869316423971,3
smosh,"Movies, Comedy",26300000,United States,289100.0,21300,North America,0.05279165323185975,3
1MILLION_Dance,Unknown,26300000,India,35300.0,1800,Asia,0.04410361336475011,3
dianaandromahin8102,"Animation, Toys",26200000,Unknown,109000.0,322,Unknown,0.04531172851464339,3
nickiminaj,Music and Dance,26100000,United States,1600000.0,98300,North America,0.09368830878081576,3
mariliamendoncareal,Music and Dance,26100000,Brazil,0.0,0,South America,0.042436149312377214,3
TheLallantop,News and Politics,26000000,India,30800.0,822,Asia,0.04297516147223728,3
AGT,"Music and Dance, Movies",25900000,United States,186800.0,3100,North America,0.046633801539074066,3
davidguetta,Music and Dance,25900000,Brazil,0.0,0,South America,0.0418467583497053,3
ThatLittlePuff,Unknown,25900000,United States,5100000.0,299000,North America,0.20316569522678174,4
postmalone,Music and Dance,25900000,United States,223100.0,13100,North America,0.04890655901415713,3
VanossGaming,"Animation, Video Games",25900000,United States,1300000.0,56500,North America,0.08015074506066876,3
DanielLaBelle,Unknown,25900000,United States,1700000.0,130100,North America,0.09996735635634982,3
abp_live,News and Politics,25800000,India,2300.0,49,Asia,0.04161255124046237,3
LosPolinesios,"Music and Dance, Movies",25700000,Mexico,1400000.0,38400,North America,0.07930122120763142,3
AlejoIgoa,Animation,25700000,Argentina,5700000.0,208400,South America,0.20358693549334567,4
ZHCYT,"Design/Art, DIY and Life Hacks",25700000,United States,2600000.0,127300,North America,0.11990819795181747,3
RansEntertainment,Movies,25700000,Indonesia,365500.0,11400,Asia,0.05138593881560483,3
wbkids,"Movies, Animation",25700000,Unknown,76100.0,699,Unknown,0.04312699197175101,3
coldplay,Music and Dance,25500000,United States,66900.0,3700,North America,0.042752361806421287,3
ChrisBrownTV,Music and Dance,25500000,United States,102000.0,9700,North America,0.044425783733331586,3
MarkRober,Science and Technology,25500000,United States,479200.0,31700,North America,0.056340733899444544,3
danrhodes,"Movies, Comedy",25500000,United States,414500.0,19300,North America,0.05306465416522527,3
TRANS7Official,"Movies, Comedy",25400000,Indonesia,1600.0,29,Asia,0.04041463310249398,3
WatchMojo,"Movies, Animation",25100000,United States,46700.0,1400,North America,0.040775241010645585,0
LeoNataFamily,Unknown,25000000,United States,2100000.0,42100,North America,0.09404599403429303,3
kidstv,Toys,25000000,Unknown,132600.0,1600,Unknown,0.04250679137648571,3
ChloeTing,"Fitness, Health, and Self-Help",24900000,United States,192700.0,7900,North America,0.044509770313754415,3
PrestonYT,"Video Games, Comedy",24900000,United States,1300000.0,36100,North America,0.07428950453302352,3
topperguild,"Animation, Comedy",24900000,United States,1800000.0,77600,North America,0.09184598293833912,3
akshaynagwadiya,Unknown,24900000,India,3100000.0,143500,Asia,0.13149282679215973,3
PenMovies,"Movies, Animation",24800000,India,59800.0,1200,Asia,0.040167234300857,0
likenastyaae,Unknown,24800000,Unknown,587400.0,3200,Unknown,0.05272271602843175,3
unknownboyvarun,Music and Dance,24700000,India,1300000.0,119600,Asia,0.08562868499892304,3
TsurikiShow,Unknown,24700000,India,604600.0,9500,Asia,0.053728020547095794,3
1theK,Music and Dance,24700000,Indonesia,10100.0,595,Asia,0.0386302962946041,0
DianaRomaARA,Animation,24600000,Unknown,1200000.0,5100,Unknown,0.06665126526509539,3
shfashowindia,Daily Vlogs,24600000,Unknown,1300000.0,8800,Unknown,0.06950541808901566,3
kidschannelindia,Music and Dance,24400000,Unknown,80300.0,385,Unknown,0.03934876799013112,0
goldmineshindi,Unknown,24400000,India,12500.0,139,Asia,0.037736880946941755,0
Venus_Movies,Unknown,24400000,India,39100.0,425,Asia,0.038396342740961695,0
netdmuzik,Music and Dance,24400000,Turkey,6100.0,158,Asia,0.03759075802335372,0
TheElenaYa,"Animation, Toys",24400000,Unknown,611400.0,1100,Unknown,0.05180207363797166,3
rug,"Video Games, Comedy",24300000,United States,3200000.0,85300,North America,0.12373594958520713,3
kimpro828,Unknown,24300000,Indonesia,2300000.0,55300,Asia,0.09852000274135332,3
suntv,Unknown,24300000,India,15300.0,457,Asia,0.03755273031610415,0
DJSnake,Music and Dance,24300000,India,16700.0,846,Asia,0.03764085988421046,0
alanbecker,"Animation, Video Games",24300000,United States,7600000.0,582600,North America,0.2971043881234131,4
MayaAndMary,Animation,24100000,Unknown,134600.0,0,Unknown,0.03967247224379769,0
sagawa,Unknown,24100000,United States,408800.0,13300,North America,0.0479492164298442,0
juandediospantojaa,"Music and Dance, Movies",24000000,Mexico,3000000.0,133200,North America,0.12504355749335874,3
EnriqueIglesias,Music and Dance,23900000,United States,21800.0,2000,North America,0.03674553975288658,0
JamesCharles,"Beauty, Fashion",23900000,United States,964500.0,62300,North America,0.06728308128112578,3
MrMaxLife,Video Games,23900000,Russia,824200.0,19300,Europe,0.05787743344059422,3
TroomTroom,"Animation, Toys",23900000,Unknown,62900.0,1200,Unknown,0.03758706799208924,0
PeppaPigEspanolLatinoOficial,"Movies, Toys",23800000,Unknown,604400.0,1700,Unknown,0.049956824337995816,0
misskaty1133,"Video Games, Toys",23700000,Russia,1300000.0,15200,Europe,0.0677674444712778,3
Ninja,"Animation, Video Games",23700000,United States,204600.0,8700,North America,0.041364454438055205,0
NickyJamTV,"Music and Dance, Movies",23700000,Colombia,15800.0,1200,South America,0.03590232819220803,0
NickyJamTV,"Music and Dance, Movies",23700000,Colombia,15800.0,1200,South America,0.03590232819220803,0
Azhan5star,Unknown,23600000,India,4000000.0,181100,Asia,0.15396344666436046,4
ishaanali11,Daily Vlogs,23500000,India,3400000.0,242900,Asia,0.1485438342395029,4
ValentinaPontesofc,Unknown,23500000,Brazil,730200.0,2700,South America,0.05214117643219394,0
Jelly,"Animation, Video Games",23500000,United States,156400.0,5800,North America,0.03923984752853945,0
toyorbabytv,Music and Dance,23500000,Unknown,111400.0,0,Unknown,0.037364764472061045,0
SesameStreet,Unknown,23400000,Unknown,364800.0,971,Unknown,0.043101806532253324,0
TED,Unknown,23400000,United States,43900.0,954,North America,0.03563658726315034,0
GMMGrammy,Music and Dance,23400000,Thailand,2900.0,96,Asia,0.034560527462485884,0
WaveMusicBhojpuri,Music and Dance,23400000,India,8400.0,154,Asia,0.034696720153515784,0
TuzelityOfficial,Unknown,23300000,India,3200000.0,96600,Asia,0.12240328048613333,3
whitehillmusic,Music and Dance,23300000,India,15300.0,659,Asia,0.03463463264560176,0
VaniaManiaKids,"Animation, Toys",23300000,Unknown,325000.0,599,Unknown,0.041828386798425675,0
TechnicalGuruji,Unknown,23300000,India,169500.0,7600,Asia,0.03921225058580109,0
CuteAnimalsTV.,Unknown,23200000,Unknown,3400.0,9,Unknown,0.03397033583536216,0
BabyBusES,"Movies, Animation",23200000,Unknown,80000.0,332,Unknown,0.03579787404134222,0
DrossRotzank,Unknown,23100000,Mexico,1700000.0,105900,North America,0.08825874002180029,3
capitanyolotroll,"Animation, Comedy",23100000,Mexico,3200000.0,189300,North America,0.13505674666631856,4
LikeNastya_PRT,Unknown,23000000,Unknown,441000.0,2500,Unknown,0.0439135462015939,0
ZachChoi,Daily Vlogs,23000000,United States,142200.0,3000,North America,0.03703613756372015,0
GoldminesCineplex,Unknown,23000000,India,11800.0,129,Asia,0.0335934365670424,0
DangalTVChannel,Unknown,23000000,India,91900.0,2100,Asia,0.035737798693288254,0
AmiRodrigueZZ,"Animation, Comedy",22900000,Colombia,4300000.0,294400,South America,0.1750630367667696,4
Yoeslan,Unknown,22900000,India,2400000.0,49700,Asia,0.0959198473979988,3
sia,"Music and Dance, Movies",22900000,United States,0.0,0,North America,0.03300589390962672,0
vladandnikiarab2,Animation,22800000,Unknown,982900.0,4800,Unknown,0.05625505224888877,0
invictorgs3,"Animation, Video Games",22800000,Mexico,806400.0,25500,North America,0.05510754394324093,0
Kidibli,"Animation, Toys",22800000,Unknown,138500.0,2400,Unknown,0.036274985803706056,0
StokesTwins,"Video Games, Comedy",22700000,United States,11700000.0,235000,North America,0.33808095477419736,4
vladandnikispain,Unknown,22700000,Unknown,1000000.0,3000,Unknown,0.056100888329014616,0
mmoshaya,Unknown,22700000,Saudi Arabia,1100000.0,14100,Asia,0.06001218401007773,0
SSundee,"Animation, Video Games",22700000,United States,1700000.0,59800,North America,0.08049424381074219,3
souravjoshivlogs7028,Daily Vlogs,22700000,India,5600000.0,382300,Asia,0.21726334680077541,4
THECHAINSMOKERS,"Music and Dance, Movies",22700000,United States,38900.0,1800,North America,0.03357829696688837,0
ZachKing,"Movies, Comedy",22600000,United States,4900000.0,238500,North America,0.18014672440914048,4
BenAzelart,"Video Games, Comedy",22500000,United States,3700000.0,44900,North America,0.12428790932647561,3
DUDUeCAROL,Unknown,22500000,Brazil,964300.0,29200,South America,0.058424121951060316,0
fgteev,"Movies, Video Games",22500000,United States,826800.0,10300,North America,0.05252644753245567,0
VillageCookingChannel,Unknown,22500000,India,21500000.0,321500,Asia,0.5777556834128543,2
dednahype,Unknown,22400000,United States,598300.0,10400,North America,0.046932084277033326,0
disneyla,"Movies, Animation",22400000,Unknown,89100.0,105,Unknown,0.03361950952620276,0
smilefamily363,"Animation, Toys",22400000,Unknown,7600.0,45,Unknown,0.031715589260422034,0
NetflixIndiaOfficial,Unknown,22300000,India,61400.0,1400,Asia,0.032865627998355185,0
BeatboxJCOP,Unknown,22300000,India,1600000.0,0,Asia,0.0684470233471924,3
LIVCrime,Unknown,22300000,India,19400.0,249,Asia,0.0317244552408801,0
rotanamusic,Music and Dance,22300000,Saudi Arabia,2100000.0,12600,Asia,0.08187493032393658,3
RAFAELUIZOFICIAL,"Movies, Animation",22100000,Brazil,671700.0,30500,South America,0.050626403148640094,0
NatGeo,Unknown,22100000,United States,42200.0,871,North America,0.03175415397920488,0
williesalim,"Movies, Comedy",21900000,Indonesia,396200.0,0,Asia,0.039272892584639285,0
SMOL_official,Unknown,21900000,India,114500.0,2600,Asia,0.033093158365370176,0
alfredolarin,Unknown,21900000,El Salvador,12900000.0,707600,North America,0.43114465338198144,2
TlnovelasOficial,"Music and Dance, Animation",21900000,Mexico,5500.0,152,North America,0.03020856035872566,0
royaltyfam,Comedy,21900000,United States,4700000.0,67000,North America,0.1489326932490911,4
EvaBravoPlay,"Animation, Toys",21800000,Unknown,332800.0,1300,Unknown,0.03768949278436646,0
infinite,"Video Games, Comedy",21700000,United States,884800.0,45700,North America,0.056574863748213224,0
MartaAndRustam,Unknown,21700000,India,4100000.0,65900,Asia,0.13423267105718334,4
khangsresearchcentre1685,Education,21700000,India,7300000.0,501700,Asia,0.270908418565489,4
gmapublicaffairs,News and Politics,21700000,Philippines,4300.0,68,Asia,0.029579262419309568,0
vladandnikidn,"Music and Dance, Movies",21700000,Unknown,529400.0,1300,Unknown,0.04196689032628632,0
beckyg,Music and Dance,21500000,United States,0.0,0,North America,0.028880157170923383,0
Priyal_Kukreja,Daily Vlogs,21500000,India,7700000.0,224600,Asia,0.24003563889849813,4
BaimPaula,"Music and Dance, Movies",21300000,Indonesia,352500.0,12600,Asia,0.03828844062685613,0
BraveWilderness,Unknown,21100000,United States,635400.0,14400,North America,0.04453526228876894,0
buzzfeedtasty,Food and Drink,21100000,United States,84300.0,3200,North America,0.0301189832190015,0
fatosdesconhecidos,Science and Technology,21100000,Brazil,92900.0,10200,South America,0.0313189832190015,0
lyricalemonade,"Music and Dance, Animation",21100000,United States,2800000.0,127300,North America,0.1110033686010613,3
MrVivekBindra,Education,21100000,India,56900.0,3100,Asia,0.029467488202390202,0
VijayTelevision,Unknown,21100000,India,99500.0,1500,Asia,0.03022961444823738,0
kurzgesagt,Education,21100000,United States,4900000.0,253500,North America,0.17786914933195833,4
romeo,Music and Dance,21100000,United States,3200000.0,53900,North America,0.10981997989674236,3
corbuzier,Unknown,21000000,Indonesia,2100000.0,44400,Asia,0.08258674620942633,3
NBA,Sports,20900000,United States,46400.0,1000,North America,0.02833391119320667,0
JasonDerulo,Music and Dance,20800000,United States,80500.0,3100,North America,0.029132238967684663,0
KiddiestvHindi,Education,20800000,Unknown,17700.0,66,Unknown,0.02723834527997702,0
avicii,"Music and Dance, Movies",20700000,United States,0.0,0,North America,0.026522593320235755,0
5MinuteCraftsDIY,Music and Dance,20700000,India,14600.0,110,Asia,0.02687784248967097,0
NinjaKidz,Video Games,20700000,United States,289800.0,6600,North America,0.03420498534681383,0
7clouds,Music and Dance,20700000,United States,92100.0,1200,North America,0.028835882356780605,0
LinkinPark,Music and Dance,20700000,United States,73700.0,7100,North America,0.029250832522893563,0
Mnet,Unknown,20700000,United States,34400.0,3500,North America,0.027822593320235754,0
BabyBusID,"Movies, Comedy",20600000,Unknown,285400.0,744,Unknown,0.0329713928555111,0
#NAME?,Education,20600000,Unknown,513400.0,3100,Unknown,0.038610289865477876,0
JoseComilaoTotoy,Animation,20600000,Unknown,199000.0,5000,Unknown,0.031570090529929706,0
jakepaul,Fitness,20500000,United States,172400.0,7500,North America,0.031013933254573814,0
somoynews360,Daily Vlogs,20500000,Bangladesh,7400.0,196,Asia,0.026133295380819665,0
SlivkiShow,Video Games,20500000,Russia,2500000.0,154200,Europe,0.1061013086698562,3
Miawaug,Video Games,20500000,Indonesia,748400.0,29300,Asia,0.04752356780606883,0
EmiwayBantai,Music and Dance,20500000,India,892800.0,95600,Asia,0.06035313591238112,0
PragatiVermaaShorts,Unknown,20500000,India,2800000.0,134300,Asia,0.11023519571304559,3
Cookieswirlc,Video Games,20500000,United States,147000.0,2000,North America,0.029637521294440923,0
gottalentglobal,Unknown,20400000,United States,222500.0,1200,North America,0.030984354052307636,0
triggeredinsaan,Comedy,20400000,India,11100000.0,1400000,Asia,0.4837780417599488,2
SonyAATH,"Travel, Shows",20400000,Bangladesh,89500.0,782,Asia,0.027831616510779394,0
IShowSpeed,"Video Games, Comedy",20300000,United States,2500000.0,101600,North America,0.09799763199289858,3
RobinHoodGamer1,"Animation, Video Games",20300000,Brazil,465800.0,17000,South America,0.038604940962998255,0
5MinuteCraftsPLAY,Movies,20300000,India,14300.0,106,Asia,0.025691512391569683,0
marvel,"Movies, Animation",20300000,United States,94400.0,5200,North America,0.028282017374958387,0
rkddigital,Unknown,20200000,India,694400.0,6300,Asia,0.042097953122858314,0
greengoldtv,Unknown,20100000,Unknown,42000.0,930,Unknown,0.025864021761123693,0
gordonramsay,"Food and Drink, Salud y autoayuda",20100000,United States,114900.0,2800,North America,0.027826513455475852,0
BuzzFeedVideo,Food and Drink,20100000,United States,15500.0,377,North America,0.02516874269135625,0
unboxtherapy,Design/Art,20100000,United States,178500.0,7300,North America,0.029948440365774855,0
gusttavolimaoficial,Music and Dance,20100000,Brazil,131000.0,6000,South America,0.028658074917269873,0
AuthenticGames,"Movies, Video Games",20100000,Brazil,20100.0,2200,South America,0.025536148006970866,0
bobbyprankster,Unknown,20100000,India,2900000.0,223500,Asia,0.12412485232590775,4
pencilmation,"Animation, Comedy",20100000,United States,179700.0,1500,North America,0.029147775913947613,0
PinkPanther,"Movies, Animation",20100000,Unknown,274200.0,1700,Unknown,0.031374021761123694,0
ASGamingsahil,Unknown,20100000,India,227400.0,22500,Asia,0.033257078239529,0
React,Comedy,20100000,United States,133300.0,5400,North America,0.028625849003648608,0
PTXofficial,Music and Dance,20100000,United States,0.0,0,North America,0.024754420432220037,0
VEVO,Music and Dance,20100000,United States,9500.0,519,North America,0.025049493521921033,0
goldminesgreatindiancomedy2048,Unknown,20000000,India,5800.0,39,Asia,0.024600180100385744,0
BGT,"Music and Dance, Movies",19900000,United Kingdom,40800.0,576,Europe,0.02519615239313618,0
sctv_,"Music and Dance, Movies",19900000,Indonesia,10900.0,225,Asia,0.024450660698784016,0
ClashOfClans,"Movies, Animation",19900000,United States,1600000.0,30100,North America,0.06567433179512953,0
HaerteTest,Unknown,19900000,India,18600.0,76,Asia,0.024608444751940163,0
Vsauce,Science and Technology,19900000,United States,4500000.0,449000,North America,0.192959049403103,4
TroomTroom_Es,Unknown,19800000,Mexico,76000.0,1300,North America,0.025823490134391582,0
etvteluguindia,Unknown,19800000,India,11300.0,220,Asia,0.024164553257315168,0
tabii.urdu,Unknown,19800000,Pakistan,17900.0,485,Asia,0.024355898772265332,0
fifa,Sports,19700000,United States,43200.0,2100,North America,0.02488028966966693,0
CraftyPanda,"Movies, Comedy",19700000,India,18000.0,136,Asia,0.024013671729467594,0
DLSNews,News and Politics,19700000,India,123000.0,3800,Asia,0.026978960766012444,0
WowKidzAction,Unknown,19600000,Unknown,21300.0,90,Unknown,0.02378914900560672,0
JakeFellman,Unknown,19500000,United States,471300.0,21600,North America,0.03703242694619768,0
Slick_Slime_Sam_Spanish,Unknown,19500000,Mexico,100500.0,2200,North America,0.02563774256081562,0
Sidemen,"Video Games, Comedy",19500000,United Kingdom,9200000.0,284800,Europe,0.2776254502020116,4
Mashaurso,Unknown,19500000,Unknown,202400.0,3000,Unknown,0.0281217957169618,0
heidizidane9861,Daily Vlogs,19400000,Unknown,12800.0,65,Unknown,0.022998512195758734,0
busyfunltd9692,Unknown,19300000,India,4800000.0,14500,Asia,0.1360961921297052,4
sonotek,"Music and Dance, Animation",19300000,India,9800.0,396,Asia,0.02268133498684803,0
ArabGamesNetwork,Unknown,19300000,Algeria,190600.0,12800,Africa,0.02865798614963873,0
officialajaysharma07,Unknown,19300000,India,517700.0,22000,Asia,0.03757924860811049,0
kbsworldtv,Unknown,19300000,Indonesia,3700.0,144,Asia,0.02250347452173175,0
degoboom,"Movies, Animation",19200000,Mexico,156100.0,5200,North America,0.026475250801193145,0
turmadamonica,Unknown,19100000,Unknown,115600.0,2000,Unknown,0.02478155199759805,0
CalvinHarris,Music and Dance,19100000,United States,71300.0,3500,North America,0.02396560515374423,0
howridiculous,Video Games,19100000,United States,3700000.0,68300,North America,0.11761112010391034,3
user-fc2ty4qw7q,Unknown,19100000,United States,9000.0,21,North America,0.022019767944441906,0
MrDegreeOfficial,Unknown,19100000,United States,4000000.0,124900,North America,0.13267357857567114,4
jaanvipatel,Unknown,19100000,India,19100000.0,0,Asia,0.4659935121304884,2
ThePoznavatel,"DIY and Life Hacks, Toys",19100000,Russia,2300000.0,33200,Europe,0.08003869485474091,0
shemaroobollywoodcomedy,Unknown,19100000,India,15200.0,132,Asia,0.022179811133810675,0
TEDEd,Science and Technology,19100000,United States,303100.0,12400,North America,0.030627731399591407,0
HiBestMan,Video Games,19100000,Russia,1300000.0,49300,Europe,0.059082880901252535,0
cardib,Music and Dance,19100000,United States,131800.0,11500,North America,0.02651543904078742,0
smilefamilyspanish1463,"Animation, Toys",19000000,Unknown,83800.0,107,Unknown,0.023476893061112603,0
LittleAngelEspanol,Animation,19000000,Unknown,123500.0,339,Unknown,0.024433291732208946,0
BayashiTV_,Unknown,19000000,United States,5500000.0,415900,North America,0.20883403259599634,4
deepesh_zo,Unknown,18900000,India,713500.0,44600,Asia,0.04418252648343113,0
grammygoldofficial,Music and Dance,18800000,Thailand,12900.0,309,Asia,0.021267522031995514,0
IanLucasOficial,"Movies, Comedy",18800000,Argentina,5600000.0,401700,South America,0.20854165160010182,4
alia,"Animation, Video Games",18800000,United States,336100.0,10200,North America,0.030196801101762955,0
ArianaGrandeVevo,"Music and Dance, Comedy",18700000,United States,0.0,0,North America,0.020628683693516697,0
MrMarmok,"Animation, Video Games",18600000,Russia,3600000.0,328100,Europe,0.15092634701616747,4
LikeNastya_Vlog,Daily Vlogs,18600000,Unknown,484100.0,1800,Unknown,0.03184927060420732,0
elcanaldePlimPlim,Music and Dance,18600000,Unknown,665100.0,0,Unknown,0.035801430072645864,0
MileyCyrus,Unknown,18600000,United States,449000.0,32100,North America,0.03536156296301131,0
andtvchannel,Unknown,18600000,India,2100.0,68,Asia,0.020392539707197357,0
Blippi,"Education, Toys",18600000,Unknown,722900.0,3800,Unknown,0.03768847326201463,0
rsiammusic,Music and Dance,18600000,Thailand,6200.0,137,Asia,0.020497745687263803,0
DanielSaboya,Music and Dance,18600000,Brazil,12600.0,544,South America,0.020704725753708984,0
PandaShorts,Unknown,18500000,India,1500000.0,120300,Asia,0.07210872794679164,0
news18India,News and Politics,18500000,India,5400.0,114,Asia,0.020181159840479343,0
NaisaAlifiaYurizaNAY,"Music and Dance, Movies",18400000,Indonesia,160900.0,7800,Asia,0.024600743428910832,0
thewillyrex,Unknown,18400000,Spain,55600.0,4800,Europe,0.02172333479103708,0
MSA.official,"Animation, Comedy",18400000,United States,4300000.0,96800,North America,0.13357316867808028,4
GoodMythicalMorning,Food and Drink,18400000,United States,447300.0,20200,North America,0.033032637116618475,0
SonyMusicSouthVEVO,Music and Dance,18400000,Unknown,1300.0,7,Unknown,0.019775829807648377,0
Squeezie,Unknown,18400000,France,722400.0,61700,Europe,0.04535888296379456,0
DannyFitt,Movies,18300000,Mexico,340000.0,14200,North America,0.029385449940930366,0
korayzeynep,Daily Vlogs,18200000,Turkey,198800.0,5800,Asia,0.02460703352936185,0
GENHALILINTAR,"Music and Dance, Comedy",18200000,Indonesia,89200.0,2800,Asia,0.0216296248914881,0
INCRIVEL_PT,Science and Technology,18200000,Unknown,8900.0,415,Unknown,0.019421468745308694,0
Apple,"Music and Dance, Animation",18200000,Unknown,3000000.0,18300,Unknown,0.09153693386158776,0
LuisFonsiVEVO,Music and Dance,18200000,Peru,2000000.0,33100,South America,0.07039540562238511,0
manualdomundo,Science and Technology,18200000,Brazil,311200.0,35500,South America,0.03146384416059109,0
KatieAngelTV_,Music and Dance,18200000,Mexico,0.0,0,North America,0.019155206286836934,0
LikeNastya_VNM,Movies,18200000,Unknown,410200.0,0,Unknown,0.028694741170557862,0
SebastianYatra,Music and Dance,18200000,Colombia,26300.0,2000,South America,0.020052548479527962,0
TaarakMehtaKaOoltahChashmah,Unknown,18200000,India,117000.0,1800,Asia,0.02213327937653793,0
Aphmau,"Animation, Video Games",18000000,United States,2000000.0,37800,North America,0.07047744323114177,0
TheGrefg,"Movies, Video Games",18000000,Spain,145900.0,10400,Europe,0.023444552865693268,0
RobleisIUTU,"Movies, Animation",18000000,Argentina,267500.0,18500,South America,0.027429602699580308,0
lescopaque,Unknown,18000000,Indonesia,67500.0,1600,Asia,0.02036415419459692,0
tanboykun,Music and Dance,18000000,Indonesia,1400000.0,25400,Asia,0.054752526287620173,0
BispoBrunoLeonardo,Music and Dance,18000000,Brazil,762100.0,276400,South America,0.07577478542383281,0
News24thinkfirst,News and Politics,18000000,India,4400.0,93,Asia,0.018681426619846092,0
ZuniandFamilyofficial,Daily Vlogs,18000000,Unknown,58300.0,177,Unknown,0.019946914991939114,0
YounesZarou,Unknown,18000000,India,212600.0,8300,Asia,0.02469571565639094,0
FunForKidsTVHindiRhymes,Unknown,18000000,Unknown,89900.0,323,Unknown,0.020702655855726487,0
demilovato,Music and Dance,18000000,United States,34300.0,5200,North America,0.020106346885626823,0
AMARINTVHD,News and Politics,18000000,Thailand,9000.0,137,Asia,0.018794689078317852,0
GameTheory,Movies,18000000,United States,2600000.0,120000,North America,0.09617378874609193,0
Jane_asmr,Daily Vlogs,17800000,Indonesia,131600.0,2600,Asia,0.021408318049200764,0
portadosfundos,"Movies, Animation",17800000,Brazil,390100.0,26200,South America,0.03079137452760608,0
zbingz,Unknown,17800000,Thailand,458300.0,11300,Asia,0.030248849610662557,0
mgcplayhouse,"Toys, Cars and Vehicles",17800000,Unknown,56300.0,96,Unknown,0.019299440972788805,0
pawansahu777,Unknown,17800000,India,1700000.0,129400,Asia,0.07599702236813764,0
thexoteam,Unknown,17800000,United States,797600.0,50400,North America,0.04372526157079544,0
thexoteam,Unknown,17900000,United States,772800.0,45000,North America,0.042671784294656324,0
mgcplayhouse,"Toys, Cars and Vehicles",17800000,Unknown,63600.0,75,Unknown,0.019466208414649265,0
lilpumpeskii,Music and Dance,17700000,United States,139500.0,5300,North America,0.021683057783811653,0
NarendraModi,News and Politics,17700000,India,39500.0,2700,Asia,0.018986047817034245,0
FactTechz,Unknown,17700000,India,321900.0,19900,Asia,0.02801063253464222,0
IGN,Unknown,17700000,United States,36300.0,817,North America,0.018642629212383084,0
salmannomanofficial,Unknown,17700000,India,729900.0,47600,Asia,0.04145614748480833,0
jasonvlogslife,"Animation, Toys",17600000,Unknown,368500.0,896,Unknown,0.026084800840681686,0
PrimeVideoIN,"Movies, Animation",17600000,India,18400.0,535,Asia,0.01789136894699398,0
JFlaMusic,Music and Dance,17600000,United States,59800.0,3100,North America,0.01922058821609697,0
musicalrmastv1,Music and Dance,17600000,Iraq,103600.0,4500,Asia,0.020439192867259762,0
mkbhd,Science and Technology,17600000,United States,1400000.0,81100,North America,0.06153088721941923,0
RepublicTVBharat,News and Politics,17600000,India,7100.0,0,Asia,0.01755214967789099,0
zappytoons,Education,17500000,Unknown,110400.0,625,Unknown,0.019749065492236095,0
ElReinoAJugar,"Education, Toys",17500000,Unknown,216600.0,570,Unknown,0.02221097579123942,0
HowToBasic,Food and Drink,17400000,United States,1800000.0,63500,North America,0.06772953612385696,0
stubbornfacts,News and Politics,17400000,India,20700.0,1000,Asia,0.017421894927843667,0
TheBrianMaps,"Video Games, Comedy",17400000,Russia,5100000.0,390700,Europe,0.19121657931322572,4
anitta,Music and Dance,17400000,Brazil,67700.0,5600,South America,0.019172061040800478,0
jordanmatter,"Music and Dance, Comedy",17400000,United States,7900000.0,98500,North America,0.21459000124013602,4
TRANSTVofficial,"Music and Dance, Movies",17300000,Indonesia,1000.0,17,Asia,0.016528631340195415,0
JohnyFamilyShow,"Music and Dance, Toys",17300000,Unknown,52500.0,129,Unknown,0.017742305758800068,0
popchartbusters,Music and Dance,17200000,India,14500.0,350,Asia,0.01659546077580299,0
Willyrex,"Movies, Animation",17200000,Mexico,133400.0,10000,North America,0.020739148483444183,0
Queen,"Music and Dance, Movies",17200000,United States,122500.0,8600,North America,0.02028566011135116,0
issei0806,Unknown,17200000,India,3700000.0,175000,Asia,0.1272547631013844,4
Filaretiki,Unknown,17200000,India,336500.0,10400,Asia,0.02551954715454053,0
AayuandPihuShow,"Movies, Comedy",17000000,India,2600000.0,44300,Asia,0.08241254821844671,0
SriBalajiMovies,Movies,17000000,India,9800.0,281,Asia,0.015886910344692542,0
PrajapatiNews,Unknown,17000000,India,13200.0,731,Asia,0.016030265826420118,0
LikeNastya_IDN,"Music and Dance, Movies",17000000,Unknown,241500.0,0,Unknown,0.021235139580572944,0
VICE,News and Politics,17000000,United States,45600.0,884,North America,0.016805611341370284,0
GatoGalactico,Animation,17000000,Brazil,71900.0,1500,South America,0.01750523924834703,0
LahariMusicIndia,Music and Dance,17000000,India,14000.0,523,Asia,0.016019156191868625,0
nomanofficial786,Unknown,17000000,India,2800000.0,245000,Asia,0.11573513958057294,4
BBCHindi,News and Politics,17000000,India,84900.0,0,Asia,0.01759327911545666,0
GuavaJuice,Unknown,17000000,United States,172400.0,10400,North America,0.02111387712210118,0
withkids2063,"Animation, Toys",16900000,United States,28200.0,0,North America,0.015979978982957926,0
BeastPhilanthropy,Food and Drink,16900000,United States,21500000.0,952100,North America,0.6513384507437553,2
BollywoodClassics,Music and Dance,16900000,India,40100.0,191,Asia,0.016284008883290152,0
DesiMelodies,Music and Dance,16800000,India,2400000.0,9500,Asia,0.07220056589364855,0
IvanaAlawi,"Movies, Comedy",16800000,Philippines,3200000.0,109400,Asia,0.10507664562786782,0
NMFNews,News and Politics,16800000,India,4000.0,86,Asia,0.015134778518233262,0
DeToxoMoroxo-Oficial,"Movies, Animation",16800000,Mexico,352900.0,15600,North America,0.02546501772089107,0
ufc,Sports,16800000,United States,86700.0,1700,North America,0.017288605760758177,0
gmmtv,"Music and Dance, Movies",16800000,Thailand,34000.0,951,Asia,0.01595602436540934,0
SagarKalraShorts,Daily Vlogs,16800000,India,864100.0,8000,Asia,0.03626767552820004,0
disneyjunior,Unknown,16800000,Unknown,116400.0,342,Unknown,0.017785303435176782,0
TuCOSMOPOLIS,News and Politics,16800000,Mexico,37900.0,2400,North America,0.016253722039827945,0
Chapitosiki,Unknown,16800000,Russia,272800.0,6500,Europe,0.022302227023216648,0
thairathonline,News and Politics,16700000,Thailand,9100.0,137,Asia,0.014965973402345817,0
viralhog,Toys,16700000,United States,39500.0,1300,North America,0.015839093003674722,0
failarmy,"Animation, Comedy",16700000,United States,2200000.0,20700,North America,0.06885470762161491,0
IDEASEN5MINUTOSoficial,Movies,16700000,Mexico,116500.0,246,North America,0.0174792192495219,0
FunFunMiniWorld,Unknown,16700000,United States,29500.0,755,North America,0.015528677721282694,0
ch7hd,Unknown,16600000,Thailand,2500.0,66,Asia,0.014507646691773981,0
DailyDoseOfInternet,Animals and Pets,16600000,United States,4000000.0,193200,North America,0.13506333439941517,4
KaykaiSalaiderChannel,"Movies, Comedy",16600000,Thailand,813000.0,32500,Asia,0.037989912472504876,0
LEGO,Animation,16600000,United States,28000.0,304,North America,0.015134669947587933,0
RCTILAYARDRAMAINDONESIA,"Music and Dance, Movies",16600000,Indonesia,10200.0,174,Asia,0.014702145030644412,0
tarik_alhalapi,Unknown,16500000,Turkey,2300000.0,59000,Asia,0.07606232662572042,0
SandraCiresArt,Unknown,16500000,Colombia,0.0,0,South America,0.014145383104125739,0
Pitbull,Music and Dance,16500000,United States,9800.0,859,North America,0.014496004366584209,0
boyceavenue,Music and Dance,16500000,Brazil,17200.0,1400,South America,0.014745383104125738,0
LaRosaDeGuadalupeOf,Unknown,16500000,Mexico,58500.0,1200,North America,0.01567727679183338,0
samsmith,Unknown,16500000,United States,28500.0,1900,North America,0.015079602373228728,0
Lyna,"Movies, Animation",16400000,Argentina,327300.0,9600,South America,0.022833744101195097,0
Mrwhosetheboss,Unknown,16400000,United States,3400000.0,167900,North America,0.11690616935036453,4
Infobellsbengalirhymes,Education,16400000,Unknown,746400.0,20500,Unknown,0.03413739858624493,0
GLENTYOUTUBE,Video Games,16400000,Russia,1800000.0,100900,Europe,0.07012543845335456,0
T3ddy,Daily Vlogs,16400000,Brazil,413500.0,42600,South America,0.02955268097827151,0
FitDanceTV,"Music and Dance, Animation",16400000,Unknown,29100.0,844,Unknown,0.01464800323740772,0
jjolatunji,Unknown,16400000,United States,2800000.0,145700,North America,0.09978125240684294,0
mattstonie,Food and Drink,16400000,United States,1800000.0,54600,North America,0.06351115273906885,0
TWICE,"Music and Dance, Movies",16400000,Philippines,350600.0,51700,Asia,0.02938989028059709,0
rubentuestaoficial,Unknown,16400000,Argentina,2500000.0,291400,South America,0.11361879393508215,4
Unspeakable,"Video Games, Comedy",16400000,United States,1900000.0,40000,North America,0.0637510198487034,0
vladandnikiarab,Animation,16300000,Unknown,126100.0,613,Unknown,0.016576121709560146,0
ADME_RU,Animation,16300000,Russia,17200.0,472,Europe,0.014023420712882402,0
DearSir,Education,16300000,India,266300.0,22500,Asia,0.0229633011115535,0
JoseComelonEspanol,Food and Drink,16300000,Unknown,484600.0,1900,Unknown,0.025097188154742867,0
NasyaOfficial,Unknown,16200000,Indonesia,853900.0,15100,Asia,0.03527657905214445,0
antrax,Animation,16200000,Mexico,623600.0,39500,North America,0.033406479384370365,0
kidsplay,"Movies, Toys",16200000,Unknown,28300.0,132,Unknown,0.013938293337858738,0
DylandPROS,"Movies, Animation",16200000,Indonesia,21500.0,996,Asia,0.013903582374403589,0
TV9Bharatvarsh,News and Politics,16200000,India,4100.0,97,Asia,0.01337050264018432,0
mkmusic,Music and Dance,16100000,Brazil,29200.0,1700,South America,0.013888528089080929,0
MoreAliA,"Animation, Video Games",16100000,United States,645200.0,11900,North America,0.029671252341572623,0
MYFAMILYComedy,Unknown,16100000,India,2600000.0,5400,Asia,0.07420314602928027,0
camilo,Music and Dance,16000000,Colombia,560000.0,17000,South America,0.028123732939970895,0
Arifmuhammadd,"Music and Dance, Movies",16000000,Indonesia,3300000.0,62400,Asia,0.09833037745824333,0
SonyLIV,Unknown,16000000,India,9300.0,105,Asia,0.012903184767213416,0
wifistudy,Education,16000000,India,3900.0,184,Asia,0.012788889086150295,0
katakit_baby,Music and Dance,16000000,Saudi Arabia,174500.0,1200,Asia,0.01690147380375827,0
MazhavilManorama,Unknown,16000000,India,13300.0,299,Asia,0.013023922308741658,0
JulianaBaltar,"Movies, Comedy",16000000,Brazil,207800.0,9400,South America,0.018847320979838,0
KarlaBustillos,Unknown,16000000,Mexico,5400000.0,362000,North America,0.1899675867605689,4
kuplinovplay,Video Games,16000000,Russia,1900000.0,124700,Europe,0.0746722379233596,0
VolgaVideo,Unknown,16000000,India,3500.0,22,Asia,0.012756443903426042,0
DopeLyrics,Music and Dance,16000000,United States,24200.0,242,North America,0.013269267823691823,0
hamaarbhojpuri,Music and Dance,16000000,India,32200.0,1200,Asia,0.013592171478176871,0
yudistardhana,Movies,16000000,Indonesia,492000.0,18300,Asia,0.02672805187684797,0
MashaBearARAB,Unknown,15900000,Unknown,226000.0,4300,Unknown,0.018247309883884105,0
ChetanMongaVlogs,Daily Vlogs,15900000,India,1400000.0,95100,Asia,0.05852106403670802,0
TeamFilmsBhojpuri,Music and Dance,15900000,India,11600.0,241,Asia,0.012681406229399055,0
KashviAdlakha,Unknown,15900000,India,97900.0,2800,Asia,0.01505395440215653,0
BlippiEspanol,Unknown,15900000,Unknown,245100.0,628,Unknown,0.018166924501824305,0
pinkshirtcouple,Unknown,15800000,United States,3200000.0,123400,North America,0.10412969081450829,0
ColorsRishtey1,Unknown,15800000,India,3600.0,29,Asia,0.012170378522149484,0
RottenTomatoesTRAILERS,"Movies, Animation",15800000,United States,34600.0,510,North America,0.01296002304042191,0
FCBarcelona,Sports,15800000,United States,164500.0,12100,North America,0.017636667558694336,0
5MCArabic,Movies,15800000,Egypt,32500.0,169,Africa,0.0128624715454053,0
5MinuteCraftsFAMILY,Unknown,15800000,India,5200.0,71,Asia,0.012213587824475066,0
TheMriDul,Unknown,15700000,India,7400000.0,349500,Asia,0.2338094139378235,4
TalkingFriends,"Animation, Comedy",15700000,United States,17800.0,125,North America,0.012219629884667346,0
SonyMusicSouth,"Music and Dance, Movies",15600000,India,256100.0,3000,Asia,0.017877509154161964,0
zutigang,Daily Vlogs,15600000,United States,124400.0,4900,North America,0.015086147027916115,0
HenriqueeJuliano,Music and Dance,15600000,Brazil,2000000.0,19100,South America,0.06073332310765033,0
FFUNTV,Unknown,15600000,United States,0.0,0,North America,0.011493123772102163,0
CNN,"Music and Dance, Animation",15600000,United States,152800.0,2300,North America,0.015375183572766614,0
MobileLegends5v5MOBA,"Animation, Video Games",15600000,Indonesia,80900.0,695,Asia,0.013473804835225086,0
Zayn,Music and Dance,15600000,United States,145200.0,20500,North America,0.017798439386720103,0
genierock,Music and Dance,15600000,Thailand,66700.0,742,Asia,0.013150286562799837,0
TheHarshBeniwal,"Movies, Comedy",15600000,India,0.0,0,Asia,0.011493123772102163,0
joerogan,Daily Vlogs,15600000,United States,1200000.0,20700,North America,0.04235724337343107,0
SRKMUSIC,Music and Dance,15600000,India,13000.0,318,Asia,0.011840877924926083,0
EliKids,Music and Dance,15600000,Unknown,173500.0,2300,Unknown,0.015856578921603824,0
Senya_Super,"Animation, Toys",15500000,Unknown,15800.0,117,Unknown,0.011582584436945608,0
ShriPrashant,Education,15500000,India,71800.0,6300,Asia,0.01376819573262667,0
A2Motivation,Education,15500000,India,715000.0,103500,Asia,0.042612049553224673,0
LOKESHGAMER,Unknown,15400000,India,240400.0,27400,Asia,0.020408716198134575,0
Kerajinan5-Menit,Music and Dance,15400000,Indonesia,11500.0,70,Asia,0.01118117466989537,0
romanatwoodvlogs,"Movies, Comedy",15400000,United States,2500000.0,106700,North America,0.08428612483600832,0
LinusTechTips,Science and Technology,15400000,United States,1100000.0,54800,North America,0.04431369958683889,0
DaveAndAva,Music and Dance,15400000,Unknown,164100.0,559,Unknown,0.01479986902205484,0
kompastv,News and Politics,15400000,Indonesia,4400.0,34,Asia,0.011010915533682747,0
_vector_,Unknown,15400000,United States,15400000.0,712400,North America,0.4708146962645797,2
THE_BROWN_SIBLINGS,Unknown,15400000,India,234500.0,15600,Asia,0.018585792610094708,0
Jesser,"Video Games, Comedy",15400000,United States,1300000.0,50600,North America,0.048364862377536566,0
RayWilliamJohnson,"Animation, Comedy",15400000,United States,2600000.0,237600,North America,0.10531170623135717,4
GoAmiGo,Daily Vlogs,15400000,Colombia,7900000.0,455300,South America,0.2596675201848455,4
nianaguerrero,Music and Dance,15400000,Philippines,504800.0,12100,Asia,0.024371839121722614,0
abscbnnews,News and Politics,15400000,Philippines,3800.0,39,Asia,0.01099767633102494,0
ndtvindia,News and Politics,15400000,India,3300.0,38,Asia,0.010985905566905338,0
MNCTVOfficialId,"Music and Dance, Movies",15300000,Indonesia,1200.0,34,Asia,0.010641801447695635,0
OyuncakAvi-oyku,Unknown,15300000,Unknown,25400.0,0,Unknown,0.01119973500251291,0
studyiqofficial,Education,15200000,India,16400.0,883,Asia,0.010821880052738415,0
ranzkyle,Unknown,15200000,Philippines,399900.0,19100,Asia,0.02234291327532978,0
MohamedRamadan,"Music and Dance, Movies",15200000,Egypt,272900.0,6400,Africa,0.01757513918895104,0
HongyuASMR,ASMR,15200000,United States,368500.0,4100,North America,0.0194698235743331,0
DaftarPopuler,Science and Technology,15200000,Indonesia,56400.0,749,Asia,0.011732969753735093,0
EdisonPts,Video Games,15200000,Russia,1600000.0,108100,Europe,0.06296650131519689,0
SupercarBlondie,Animation,15200000,United States,745100.0,23100,North America,0.030942248823502536,0
PlayStation,Unknown,15200000,United States,33100.0,995,North America,0.011226252145761671,0
Thaich8,Unknown,15200000,Thailand,9000.0,135,Asia,0.010542929886625458,0
kwebbelkop,"Animation, Video Games",15200000,United States,60800.0,602,North America,0.011814295335130441,0
mariale,Unknown,15200000,Mexico,17700.0,1200,North America,0.010897398325163664,0
PPMussas,Fashion,15200000,Mexico,230400.0,10400,North America,0.017158195667356355,0
Makiman131,"Movies, Animation",15200000,Spain,238400.0,11000,Europe,0.017429956464698547,0
LittleAngelBrasil,Animation,15100000,Unknown,206800.0,453,Unknown,0.01489366297671808,0
zncoficial,Unknown,15100000,Brazil,20400.0,1800,South America,0.010751207827216419,0
indorephysicalacademy.,Unknown,15100000,India,54800.0,3900,Asia,0.01185120782721642,0
NetflixJr,"Animation, Comedy",15100000,Unknown,104200.0,197,Unknown,0.012471045036518745,0
TazerCraft,"Movies, Animation",15000000,Brazil,182000.0,12700,South America,0.01577179473790704,0
PeetMontzingo,Unknown,15000000,United States,1700000.0,0,North America,0.04925983460501667,0
XpressTV,Science and Technology,15000000,Mexico,1100000.0,33400,North America,0.04007777480435222,0
ABCNews,News and Politics,15000000,United States,10900.0,115,North America,0.009994867827608035,0
Therichest,News and Politics,15000000,United States,8500.0,246,North America,0.009957768159833949,0
leagueoflegends,"Movies, Animation",15000000,United States,909100.0,45300,North America,0.037338239920631296,0
RS1313Shorts,Unknown,15000000,India,5000.0,49,Asia,0.009848229953853883,0
mispastelitos,Food and Drink,15000000,Mexico,1700000.0,89700,North America,0.06207412031930239,0
crashcourse,Science and Technology,15000000,United States,28900.0,1200,North America,0.010568472478770826,0
5MinuteCraftsRecycle,Unknown,15000000,India,6300.0,70,Asia,0.009881462511993417,0
itowngameplay,"Animation, Video Games",15000000,Mexico,47100.0,2600,North America,0.011191728292724315,0
TroomTroomRu,"Video Games, Toys",15000000,Unknown,96000.0,2000,Unknown,0.01224322330933561,0
jorgeemateus,Music and Dance,14900000,Brazil,72600.0,2400,South America,0.011461484638630892,0
cure0721,Unknown,14900000,Indonesia,3300000.0,245100,Asia,0.12118872716354784,4
iamneetubisht,Unknown,14900000,India,3500000.0,200400,Asia,0.11945417566853124,4
SusyMouriz,Unknown,14900000,Mexico,4900000.0,364000,North America,0.17538374377484353,4
MattyBRaps,Music and Dance,14900000,United States,267900.0,949,North America,0.015796059389461457,0
OReinoInfantil,Music and Dance,14900000,Unknown,88300.0,262,Unknown,0.011521172346272089,0
AadishaktiFilms,Music and Dance,14900000,Unknown,12500.0,336,Unknown,0.009768953077169098,0
GyanGaming,"Video Games, Comedy",14800000,India,264800.0,22700,Asia,0.018536556599155398,0
fueledbyramen,Music and Dance,14800000,United States,88400.0,696,North America,0.011290802446331478,0
camilaloures,"Movies, Comedy",14800000,Brazil,271900.0,16700,South America,0.01784453002108231,0
sevengersofficial,Unknown,14800000,India,3200000.0,342100,Asia,0.1324255931440059,4
MeghanTrainor,"Movies, Comedy",14800000,United States,17600.0,662,North America,0.009639433675567358,0
theslowmoguys,Unknown,14800000,United States,1100000.0,66200,North America,0.044174098127394604,0
majorlazer,"Music and Dance, Movies",14800000,United States,25700.0,722,North America,0.009836377197162042,0
lachlan,"Animation, Video Games",14800000,United States,500700.0,19500,North America,0.023565460253640452,0
MalumaVEVO,Music and Dance,14800000,Mexico,226400.0,8500,North America,0.015614961914770017,0
chadwildclay,"Movies, Comedy",14800000,United States,864700.0,17500,North America,0.03174486224699593,0
auron,"Movies, Animation",14800000,Mexico,1100000.0,48800,North America,0.04168838384168032,0
E_MasterSensei,"Movies, Video Games",14800000,Mexico,519800.0,32200,North America,0.025823932014437792,0
MartinGarrix,Music and Dance,14800000,United States,40700.0,4000,North America,0.010653500120750083,0
facts806,Unknown,14800000,Egypt,12500.0,744,Africa,0.009532543310118855,0
collegehumor,"Movies, Comedy",14800000,United States,212000.0,10100,North America,0.015508649622411214,0
BBCNews,News and Politics,14800000,United States,66300.0,913,North America,0.010807848957959386,0
DocTops,Animation,14800000,Mexico,1300000.0,45200,North America,0.045825260918092275,0
PrestonPlayz,"Animation, Video Games",14800000,United States,787300.0,11900,North America,0.02914486224699593,0
vladandnikiport,Unknown,14700000,Unknown,511300.0,0,Unknown,0.02073156211449719,0
TheVishalbhatt,Unknown,14700000,India,446900.0,27600,Asia,0.02317674483874968,0
nostalgia,Science and Technology,14700000,Unknown,53900.0,6400,Unknown,0.011008638526457323,0
DentalDigest,Unknown,14700000,United States,6400000.0,209400,North America,0.1875923594566899,4
zeebangla,Unknown,14700000,India,1300.0,17,Asia,0.008873525569646691,0
cokestudio,"Music and Dance, Movies",14700000,Pakistan,1800000.0,1400,Asia,0.050901329556357656,0
LikeNastya_Stories,"Animation, Toys",14700000,Unknown,77600.0,345,Unknown,0.010694801317154997,0
user-ts8yv9np7m,"Movies, Comedy",14700000,Unknown,38000.0,159,Unknown,0.00974729965602543,0
infobellskannadarhymes,Education,14700000,Unknown,348300.0,8100,Unknown,0.01809800729722144,0
ZEE5,Unknown,14700000,India,255.5,8,Asia,0.008847949157686559,0
rebeccazamolo,"Video Games, Comedy",14600000,United States,2900000.0,30400,North America,0.08033088656671607,0
ZigandSharko,Unknown,14600000,Unknown,136900.0,935,Unknown,0.011863461317546623,0
VijayKumarVinerVlogs,Unknown,14600000,India,110600.0,3100,Asia,0.011561119124855591,0
GMM25Thailand,Unknown,14600000,Thailand,2900.0,34,Asia,0.008618467962064894,0
Telemundo,Unknown,14600000,Argentina,2800.0,53,South America,0.008618856666383831,0
TheDodo,Animals and Pets,14600000,United States,462900.0,12300,North America,0.02106842809495526,0
NatanporAi,Unknown,14600000,Brazil,1500000.0,28300,South America,0.04747274703183234,0
IDEIASINCRIVEIS,Unknown,14600000,Brazil,11000.0,120,South America,0.008819125769373866,0
boramtubetoysreview9575,"Movies, Toys",14600000,Unknown,9500.0,77,Unknown,0.008778099191300775,0
legendaefunk,"Music and Dance, Animation",14600000,Brazil,3700.0,154,South America,0.008654215470370543,0
woodyandkleiny,"Video Games, Comedy",14600000,United States,524900.0,35100,North America,0.025767431417214395,0
NobruTV,"Movies, Animation",14600000,Brazil,367300.0,31300,South America,0.021559457995287485,0
reactiontime,"Animation, Comedy",14600000,United States,12600.0,681,North America,0.008936477928842303,0
TommyInnit,"Video Games, Comedy",14600000,United States,1400000.0,99000,North America,0.0552471656364835,0
LillySingh,"Animation, Comedy",14600000,United States,54700.0,3600,North America,0.010332547696284163,0
lesboystv,Unknown,14500000,France,28700.0,0,Europe,0.008918915337871796,0
GH.S,Unknown,14500000,United States,5100000.0,194600,North America,0.1546561246401974,4
IanBoggs,"Movies, Comedy",14500000,United States,2500000.0,175300,North America,0.09143386550398475,0
Drawblogs,"Movies, Animation",14400000,Mexico,9300.0,446,North America,0.008236771351552456,0
RosannaPansino,DIY and Life Hacks,14400000,United States,48500.0,3300,North America,0.009556113544243485,0
LuliPampin,"Music and Dance, Animation",14400000,Unknown,1200000.0,2500,Unknown,0.03622089759739963,0
CrescendocomLuluca,Animation,14400000,Brazil,768300.0,31200,South America,0.030281362713678702,0
AlexaRivera,"Animation, Comedy",14400000,United States,3500000.0,87700,North America,0.10188069826185146,0
dangmattsmith,"Animation, Comedy",14400000,Unknown,58000.0,3000,Unknown,0.009734186633944484,0
WishFM1075official,Music and Dance,14400000,Philippines,49400.0,711,Asia,0.009207186633944483,0
BobonSantoso,"Music and Dance, Movies",14400000,Indonesia,242200.0,7100,Asia,0.014603621849891328,0
nikkietutorials,"Design/Art, Belleza",14400000,United States,2700000.0,152400,North America,0.09251890424191792,0
Compot,Video Games,14400000,Russia,1000000.0,40600,Europe,0.0370125919495591,0
vladandnikirus,Toys,14300000,Unknown,832100.0,2700,Unknown,0.027398959591146733,0
JamunaTVbd,News and Politics,14300000,Bangladesh,3800.0,70,Asia,0.007760454607758027,0
zeetvtelugu,Unknown,14300000,India,2700.0,78,Asia,0.007736016069552047,0
seungbini67,Unknown,14300000,United States,9200000.0,325200,North America,0.2680727137439707,4
boxtoxtv,Unknown,14300000,India,1700000.0,53500,Asia,0.05483982337852215,0
ETVJabardasth,Comedy,14300000,India,70800.0,1700,Asia,0.009551451285498893,0
Jazzghost,"Animation, Video Games",14200000,Brazil,1400000.0,61500,South America,0.04871124085399683,0
BieTheSka,Unknown,14200000,Thailand,316600.0,8900,Asia,0.016001606302501813,0
airrack,"Video Games, Comedy",14200000,United States,4400000.0,192700,North America,0.1372215398573191,4
inventonahora,"Movies, Comedy",14200000,Brazil,466900.0,47500,South America,0.025011240853996832,0
TheSocialFactory,Unknown,14200000,India,0.0,0,Asia,0.007367387033398822,0
nehakakkar,Music and Dance,14200000,India,320100.0,25600,Asia,0.01846871593705331,0
SuperPolina,Unknown,14200000,Russia,1800.0,10,Europe,0.007410676069943673,0
ComePlayWithMe,"Movies, Toys",14200000,Unknown,1500000.0,0,Unknown,0.04225110796363138,0
veritasium,Science and Technology,14200000,United States,2800000.0,110800,North America,0.0883122375317377,0
SanjoyDasOfficial,Unknown,14200000,India,326200.0,34800,Asia,0.019924862116455302,0
karameeshchannel,Music and Dance,14200000,Jordan,267600.0,1900,Asia,0.013862071418780882,0
AM3NlC,Cars and Vehicles,14200000,Brazil,329100.0,25200,South America,0.018620875405491844,0
huba3,Unknown,14200000,United States,1100000.0,27400,North America,0.03686306809652175,0
DEVKeFacts,Unknown,14200000,India,1200000.0,45600,Asia,0.04178864949187058,0
ATRO55,Unknown,14200000,Iraq,523100.0,51200,Asia,0.026846789026754303,0
Narobeauty,Unknown,14200000,Iraq,2400000.0,124700,Asia,0.08099562623605663,0
trapcity,Music and Dance,14200000,United States,17500.0,734,North America,0.007879220920442012,0
refugiomental6032,Movies,14200000,Argentina,76600.0,1200,South America,0.009320210953664603,0
vilmei,Unknown,14200000,Indonesia,162100.0,0,Asia,0.011137154475259287,0
TVAnaEmilia,Unknown,14200000,Mexico,85800.0,4100,North America,0.009948450156322411,0
thinkmusicofficial,Music and Dance,14200000,India,41900.0,1000,Asia,0.008484662780907128,0
tseriesregional,Music and Dance,14200000,India,6900.0,59,Asia,0.007536280721106464,0
MasterskayaNastroeny,"Movies, Video Games",14100000,Russia,125600.0,2700,Europe,0.01037933607033529,0
theHacksmith,Video Games,14100000,United States,174900.0,10200,North America,0.012597276269670839,0
StrayKids,"Music and Dance, Movies",14100000,United States,839600.0,146500,North America,0.04752684437598313,0
kidstvindia,Toys,14100000,Unknown,24100.0,70,Unknown,0.007643156668341935,0
vladynikishow,Unknown,14100000,Unknown,312400.0,1100,Unknown,0.01449495068827549,0
RaptorGamer,"Animation, Video Games",14000000,Mexico,257400.0,19900,North America,0.015606899725211967,0
geonews,Unknown,14000000,Pakistan,3900.0,47,Asia,0.006875408030859807,0
OQueNaoDizerOficial,"Movies, Animation",14000000,Brazil,61400.0,7300,South America,0.009248760190328244,0
atlanticrecords,Unknown,14000000,United States,6300.0,315,North America,0.006969507698633893,0
Acenix,"Animation, Video Games",14000000,Mexico,741100.0,23400,North America,0.02735573693451429,0
Infobellsrhymes,"Toys, Cars and Vehicles",14000000,Unknown,105600.0,3300,Unknown,0.009705238595643859,0
GoldminesPremiere,Unknown,14000000,Unknown,8900.0,168,Unknown,0.007008972814912962,0
DesiGamers_,Unknown,14000000,India,971100.0,99700,Asia,0.04360457414381662,0
juliagisella,Unknown,14000000,United States,524700.0,53100,North America,0.02656603593783655,0
albert_cancook,Unknown,14000000,United States,6700000.0,459100,North America,0.2281776638448133,4
bibotoysrus,"Animation, Toys",13900000,Unknown,106400.0,0,Unknown,0.00895771919404212,0
adeletsami3286,"Animation, Comedy, Toys",13900000,France,8000.0,37,Europe,0.00667463281530458,0
123GOSpanish,Animation,13900000,Mexico,60400.0,547,North America,0.007966094609324513,0
Mythpat,Unknown,13900000,India,11700000.0,1200000,Asia,0.4500048952737764,2
MaviGadgets,Unknown,13900000,United States,212800.0,4600,North America,0.012089280655836141,0
wesleysafadao,Music and Dance,13900000,Brazil,162700.0,4600,South America,0.010924164376766373,0
BBC,"Movies, Animation",13800000,United Kingdom,9900.0,226,Europe,0.006451123380480258,0
nishamadhulika,Food and Drink,13800000,India,132400.0,3200,Asia,0.009724817732639727,0
AdamW,"Animation, Comedy",13800000,United States,2900000.0,98200,North America,0.08765903700174273,0
FAPTV,"Animation, Comedy",13800000,United States,75100.0,2300,North America,0.008263688164533415,0
BigTastyAnimations,Unknown,13800000,United States,199900.0,12600,North America,0.012637442317357334,0
jbalvinVEVO,"Music and Dance, Movies",13800000,Colombia,0.0,0,South America,0.006188605108055009,0
jomyproductionshorts,Unknown,13800000,India,258800.0,8600,Asia,0.01343578118778923,0
jojotvhindi,Music and Dance,13800000,India,19700.0,499,Asia,0.006718030357224445,0
MAIKI021,"Animation, Comedy",13800000,Brazil,6000.0,754,South America,0.006435854277490225,0
penguinz0,Movies,13800000,United States,1700000.0,71600,North America,0.05595206025755667,0
PetsSwag,Unknown,13800000,United States,909900.0,30500,North America,0.03170621308147693,0
codiscos,Music and Dance,13800000,Unknown,19500.0,287,Unknown,0.006683093480148033,0
blockbustermovies7960,Daily Vlogs,13800000,India,8700.0,174,Asia,0.006415787832307501,0
ZeinabHarakeVlogs,Comedy,13800000,Philippines,2800000.0,94000,Asia,0.08473345560639388,0
gmanews,News and Politics,13800000,Philippines,3400.0,48,Asia,0.006274532018354012,0
PlayHard,Unknown,13800000,Brazil,120000.0,12000,South America,0.010693588496759329,0
TypicalGamer,Video Games,13800000,United States,284700.0,7400,North America,0.013866678197756006,0
mymissanand,"Movies, Comedy",13700000,India,965100.0,17300,Asia,0.03080952424465926,0
WanasahTV1,"Movies, Animation",13700000,Unknown,856300.0,3500,Unknown,0.026307863115091153,0
ladydiana11,"Music and Dance, Comedy",13700000,Russia,2600000.0,58300,Europe,0.07468759733436026,0
AmaraQueLinda,Daily Vlogs,13600000,Colombia,719100.0,59000,South America,0.030751041387908018,0
BUDI01GAMING,"Movies, Animation",13600000,Indonesia,625000.0,26000,Asia,0.02384838358059905,0
lunomosik,Video Games,13600000,Russia,1400000.0,27500,Europe,0.04208592510883825,0
KidsLineKOYA,"Movies, Comedy",13600000,Unknown,9300.0,40,Unknown,0.00582120750086483,0
TrakinTech,News and Politics,13600000,India,418000.0,22800,Asia,0.0185772872350841,0
Vogue,Fashion,13600000,United States,114800.0,5700,North America,0.009083267301529281,0
MyMateNate,Unknown,13600000,Thailand,1300000.0,30700,Asia,0.04021748657063227,0
luismendez1405,Unknown,13600000,Mexico,1000000.0,182000,North America,0.05485502809887148,0
awakeningrecords,Music and Dance,13600000,Indonesia,15300.0,675,Asia,0.006051456670300046,0
TwinsFromRussiaRevega,Unknown,13600000,United States,65200.0,2000,North America,0.00740120750086483,0
onlinejobRk,Unknown,13600000,India,4300.0,99,Asia,0.00571335700252596,0
BanderitaX,"Animation, Video Games",13600000,Saudi Arabia,1200000.0,88200,Asia,0.046106190889569146,0
Anaysa,"Movies, Comedy",13600000,India,94900.0,4900,Asia,0.008506190889569148,0
Painzeiro,Daily Vlogs,13600000,Brazil,351800.0,7500,South America,0.014852038065648885,0
PozziGamer,"Animation, Video Games",13600000,Russia,391900.0,15400,Europe,0.016913167633755197,0
ConorMaynard,Music and Dance,13600000,United States,52200.0,2600,North America,0.007184596205183766,0
Wengie,Food and Drink,13600000,United States,17000.0,1200,North America,0.006165991554020976,0
ryan,Movies,13600000,United States,7000000.0,222800,North America,0.20021848324837316,4
Thegeetagurjar,Unknown,13500000,India,3200000.0,70800,Asia,0.08983740902949566,0
sportsnationespn,Sports,13500000,United States,114000.0,3700,North America,0.008484252883316256,0
itsDrRyan,Unknown,13500000,United States,1000000.0,39200,North America,0.034160332617535524,0
MCDivertida,"Music and Dance, Movies",13500000,Unknown,288700.0,1400,Unknown,0.012218472152419247,0
TechnologyGyan,Unknown,13400000,India,445400.0,29100,Asia,0.019525105574737772,0
MattSDance,"Music and Dance, Movies",13400000,United States,54200.0,2700,North America,0.0066560025847045515,0
KabitasKitchen,Unknown,13400000,India,111000.0,3900,Asia,0.008148361388691261,0
gags,Unknown,13400000,United States,156900.0,1500,North America,0.008872946106299235,0
theworldadventureshindi,Daily Vlogs,13400000,Unknown,6200.0,342,Unknown,0.005202866372079966,0
SonotekBhakti,Music and Dance,13400000,India,4400.0,109,Asia,0.005127720192677972,0
H2ODelirious,"Animation, Video Games",13400000,United States,153900.0,6600,North America,0.009531750093010199,0
athleanx,"Fitness, Health, and Self-Help",13400000,United States,340400.0,13000,North America,0.014783245109621495,0
TheInfographicsShow,Education,13400000,United States,162500.0,5700,North America,0.00960317866443877,0
theRadBrad,"Animation, Video Games",13400000,United States,76600.0,3200,North America,0.0072483613886912615,0
LofiGirl,Comedy,13400000,United States,139000.0,8500,North America,0.009456667036531793,0
KurtHugoSchneider,Unknown,13400000,United States,20600.0,1200,North America,0.005660321521581627,0
AzzyLand,Animation,13400000,United States,115600.0,3600,North America,0.008212480990020164,0
BrawlStars,Animation,13400000,United States,1500000.0,98400,North America,0.05395068697008661,0
einerdtv,"Movies, Animation",13400000,Brazil,155100.0,22400,South America,0.01181679992689724,0
AlexGonzagaOfficial,"Movies, Comedy",13400000,Philippines,1600000.0,36300,Asia,0.04740483979400688,0
PeppaPigPortuguesOficial,"Movies, Animation",13300000,Unknown,354800.0,1900,Unknown,0.013237719063501494,0
VexTrexKidsCartoon,"Movies, Animation",13300000,Unknown,21100.0,0,Unknown,0.005205825375793851,0
MashaBearUkraine,Unknown,13300000,Unknown,85400.0,673,Unknown,0.006797317070146011,0
DJKhaledOfficial,Unknown,13300000,United States,178400.0,4500,North America,0.009506822053534715,0
OficialHungria,Music and Dance,13300000,Brazil,75000.0,7400,South America,0.0075164566050297315,0
prantoniojunior,Music and Dance,13300000,Brazil,246300.0,46500,South America,0.017085891820976577,0
Akon,Music and Dance,13200000,Brazil,32000.0,1900,South America,0.005436046837979488,0
knowledgetvhindi001,Education,13200000,India,58100.0,2300,Asia,0.0061001664393083915,0
GuiGe,Unknown,13200000,India,176700.0,6100,Asia,0.009401163117049256,0
MARIANAMIAMORCH,Movies,13200000,Mexico,533700.0,32300,North America,0.02144634584130175,0
NickPro,Sports,13200000,United States,12200000.0,286000,North America,0.3289985053097403,4
RauwAlejandroTv,Music and Dance,13200000,Peru,219400.0,7300,South America,0.01056561494429178,0
LizaBaez,Unknown,13200000,Mexico,832800.0,104300,North America,0.038687874080504406,0
klara_tania,"Movies, Animation",13200000,Indonesia,834500.0,47500,Asia,0.03061312324993962,0
Caylus,"Animation, Video Games",13200000,United States,477600.0,11800,North America,0.01721312324993962,0
AlArabiya,News and Politics,13200000,Morocco,5000.0,90,Africa,0.004549568432663873,0
Davie504,Unknown,13200000,United States,0.0,0,North America,0.004420432220039288,0
JesseAndMike,Unknown,13200000,United States,201400.0,3600,North America,0.009618438864557561,0
redetv,Unknown,13200000,Brazil,2500.0,90,South America,0.004491428897780152,0
spider-maaaaaaan,Unknown,13100000,Japan,1900000.0,45000,Asia,0.054740354678902675,0
CznBurak,Daily Vlogs,13100000,Turkey,1400000.0,72500,Asia,0.047041019130729916,0
rupalchoudharytd,Unknown,13100000,India,279100.0,21000,Asia,0.013616434413121945,0
CuteWolfVideos,"Movies, Toys",13100000,Unknown,53500.0,116,Unknown,0.005386494213786395,0
TopViralTalentYT,Unknown,13000000,United States,17700.0,283,North America,0.004283097735772705,0
ColeAndSav,Daily Vlogs,13000000,United States,322100.0,10100,North America,0.012764596074643137,0
gymvirtual,"Fitness, Health, and Self-Help",13000000,Mexico,50900.0,1900,North America,0.00528619075902852,0
DuoTiempoDeSol,"Music and Dance, Animation",13000000,Unknown,47400.0,170,Unknown,0.004957652553048453,0
KiryaKolesnikov,Daily Vlogs,13000000,United States,54700.0,1900,North America,0.005374562852051776,0
MoniLinaFamily,Unknown,13000000,India,147300.0,3600,Asia,0.007770908367001942,0
zeetamil,Unknown,13000000,India,1200.0,11,Asia,0.0038605196626830046,0
mariano_razo,Unknown,13000000,Mexico,5300000.0,399300,North America,0.18412971235371292,4
Chustertv,Video Games,13000000,Spain,1600000.0,96300,Europe,0.05479748644009164,0
francoescamilla,"Movies, Comedy",13000000,Mexico,560000.0,11800,North America,0.018540011357035164,0
sulgiyang,"ASMR, Food and Drink",13000000,United States,557500.0,8600,North America,0.018024728965008587,0
TalkingAngela,Music and Dance,13000000,United States,53000.0,360,North America,0.005115027968330845,0
officialjassrecords,Music and Dance,13000000,India,12800.0,662,Asia,0.004223287104543469,0
bibotoyskor,Unknown,12900000,Unknown,4300.0,0,Unknown,0.0036363457760314323,0
HeidiandZidaneEsp,Daily Vlogs,12900000,Unknown,61100.0,363,Unknown,0.005009133151446714,0
dianaandromaind5591,Unknown,12900000,Unknown,222200.0,395,Unknown,0.00876021620792512,0
Behindwoodstv,Daily Vlogs,12900000,Unknown,13300.0,386,Unknown,0.003900790958755685,0
dhruvrathee,News and Politics,12900000,India,6400000.0,328000,Asia,0.19923069793549986,4
TroomTroom_India,Unknown,12900000,India,21200.0,244,Asia,0.004064226174702529,0
watchHitsHD,Unknown,12900000,India,72300.0,8200,Asia,0.0063891696962972136,0
janesergo,Unknown,12900000,United States,99500.0,2600,North America,0.006221727835832096,0
RobTopGames,Unknown,12800000,United States,2200000.0,217900,North America,0.08553301242094133,0
FreeFireIndiaOfficial,Unknown,12800000,India,308800.0,25200,Asia,0.014023045643532694,0
FamilyFitnessChannel,Unknown,12800000,India,318800.0,14400,Asia,0.012712746640210434,0
EnglishConnectionByKanchan,Education,12800000,India,247400.0,15200,Asia,0.011166567238217077,0
MrSuicideSheep,Unknown,12800000,United States,39700.0,1900,North America,0.004436334680077543,0
MundoBita,"Music and Dance, Movies",12800000,Unknown,152700.0,2700,Unknown,0.007178527371107444,0
GustavoParodiasOficial,Unknown,12800000,Brazil,168800.0,7700,South America,0.00826723169004432,0
NANDO,"Animation, Comedy",12800000,Colombia,208300.0,13000,South America,0.00994297919834997,0
elliegouldingofficial,Music and Dance,12800000,United States,0.0,0,North America,0.0032416502946954833,0
AdexeyNau,Music and Dance,12800000,Mexico,13100.0,1500,North America,0.003760587171771895,0
NDTV,News and Politics,12800000,India,1400.0,10,Asia,0.0032756370056589387,0
piuzinho,"Animation, Comedy",12800000,Brazil,527100.0,107700,South America,0.03088550411529349,0
BlossomTV,Unknown,12800000,United States,24800.0,747,North America,0.0039251087664562805,0
ZeeKids,Unknown,12800000,Unknown,153700.0,2600,Unknown,0.007187497470775217,0
FlowersComedy,Comedy,12800000,India,101900.0,1000,Asia,0.005754274879413091,0
FirstWeFeast,Movies,12800000,United States,157600.0,5500,North America,0.007692480859479536,0
Morgz,"Movies, Comedy",12800000,Unknown,1100000.0,31100,Unknown,0.033265902786389835,0
Littleglove,Daily Vlogs,12800000,India,1100000.0,61700,Asia,0.03763733135781841,0
MoonbugKids_SingAlongWithMe,Toys,12700000,Unknown,49000.0,100,Unknown,0.00410077541136617,0
refugiomental6818,"Movies, Animation",12700000,Brazil,107400.0,2700,South America,0.005830343517678463,0
Yair17,"Movies, Animation",12600000,Mexico,159800.0,14700,North America,0.008468538401791018,0
NITINFREEFIRE,Unknown,12600000,India,1500000.0,177800,Asia,0.06293598026225614,0
MasSKabeche,"Movies, Animation",12600000,Mexico,0.0,0,North America,0.0026522593320235763,0
WaveMusicBhakti,Music and Dance,12600000,Unknown,3400.0,52,Unknown,0.0027387576708940084,0
TheDaniRep,"Animation, Video Games",12600000,Mexico,195500.0,19600,North America,0.009998770959930554,0
parafernalha,"Movies, Comedy",12600000,Brazil,84900.0,6300,South America,0.0055266779366747384,0
TimbaVk,"Animation, Video Games",12600000,Mexico,414000.0,15200,North America,0.014451594880196334,0
NasDaily,Education,12600000,United States,448700.0,19300,North America,0.015844285910096664,0
TroomTroom_Indonesia,"Music and Dance, Movies",12600000,Indonesia,59800.0,509,Asia,0.004115671292156466,0
casey,Movies,12600000,United States,0.0,0,North America,0.0026522593320235763,0
bharatzkitchenHINDI,Unknown,12600000,India,271000.0,4100,Asia,0.009540299199133212,0
jtcasey,"Animation, Comedy",12600000,United States,156600.0,7400,North America,0.007351262654282712,0
aljazeera,News and Politics,12600000,Morocco,7000.0,105,Africa,0.0028300500296979947,0
WildNOut,"Music and Dance, Comedy",12600000,United States,228400.0,8600,North America,0.009192458667571748,0
gibby,Unknown,12600000,Mexico,174400.0,9500,North America,0.008065216142654805,0
BiperYSusAmigos,"Music and Dance, Movies",12600000,Unknown,155000.0,0,Unknown,0.006256910494814274,0
AvrilLavigne,Music and Dance,12600000,United States,53600.0,5700,North America,0.004713056674216267,0
nhstudioz,Unknown,12600000,India,11500.0,77,Asia,0.002930701192488693,0
QuantumTech,Science and Technology,12600000,United States,185300.0,2300,North America,0.007290133086176401,0
DisneyChannelUK,"Movies, Comedy",12600000,Unknown,19000.0,307,Unknown,0.003137976939996998,0
pocoyo,Unknown,12600000,Unknown,335000.0,2200,Unknown,0.010757242720727896,0
TroomTroom_Pt,Animation,12600000,Brazil,43700.0,971,South America,0.003807252687505304,0
GoldminesActionMovies,Unknown,12600000,Unknown,7900.0,139,Unknown,0.002855837405113277,0
redbull,Sports,12600000,United States,1400000.0,52300,North America,0.04268182743833587,0
CHHOTUKIMASTI,Unknown,12600000,India,655600.0,5600,Asia,0.01869877095993055,0
parislifestyle7488,Unknown,12600000,India,517100.0,5100,Asia,0.015406412155943842,0
DRJRecordsspecials,Unknown,12600000,India,8900.0,46,Asia,0.0028658075047810513,0
colinfurze,Video Games,12600000,United States,1500000.0,69600,North America,0.04747883740511328,0
justinflom,"Movies, Comedy",12600000,United States,791700.0,18100,North America,0.023649601524714604,0
PeopleVsFood,Food and Drink,12600000,United States,388300.0,14200,North America,0.01371106331873454,0
RachitRojha,Unknown,12600000,India,1600000.0,38600,Asia,0.04537584737189069,0
Baby_Jenny,"Movies, Toys",12500000,Unknown,18600.0,71,Unknown,0.002800264847365364,0
hzhtubekidsfun,"Animation, Toys",12500000,Unknown,79000.0,1500,Unknown,0.00440905886729892,0
healthtime6469,Daily Vlogs,12500000,India,3300.0,115,Asia,0.002450736608162706,0
LittleBabyBumEspanol,Unknown,12500000,Unknown,7200.0,18,Unknown,0.002527577139724168,0
HeroMovies2023,Daily Vlogs,12500000,India,7100.0,215,Asia,0.0025533944154716767,0
CalvinHarrisVEVO,Music and Dance,12500000,United States,71300.0,3500,North America,0.004515703385571345,0
FarjanaDrawingAcademy,Unknown,12500000,India,387100.0,25100,Asia,0.014945603717797257,0
TeremokTV,Unknown,12500000,Unknown,95400.0,253,Unknown,0.004612311358993271,0
eltrece,Music and Dance,12400000,Unknown,1500.0,15,Unknown,0.0020998949474247595,0
TheKingofRandom,DIY and Life Hacks,12400000,United States,32700.0,1000,North America,0.0029661906284878825,0
Vendyyaduwanshi,Unknown,12400000,India,353000.0,44100,Asia,0.016572170694933067,0
ArynewsTvofficial,News and Politics,12400000,Pakistan,3600.0,75,Asia,0.002157303585298514,0
MakeJokeOf,"Movies, Animation",12400000,India,7400000.0,343000,Asia,0.22315589162516566,4
LOUDgg,Unknown,12400000,Brazil,310800.0,22300,South America,0.012476489631810143,0
ctctv,"Movies, Animation",12400000,Russia,39900.0,940,Europe,0.00312506106038157,0
TalentRecap,"Music and Dance, Movies",12400000,United States,52100.0,544,North America,0.0033522105620426997,0
LittleTreehouseNurseryRhymes,"Toys, Cars and Vehicles",12400000,Unknown,104200.0,373,Unknown,0.004539409897590873,0
scottsreality,Unknown,12400000,United States,9300000.0,199200,North America,0.24679908099393638,4
OliviaRodrigo,Music and Dance,12400000,United States,1600000.0,78000,North America,0.050415027837790206,0
GrandmasterJinBodhi,Animation,12400000,Singapore,26400.0,639,Asia,0.0027681075720094772,0
IceCreamRolls,Unknown,12400000,United States,18000.0,634,North America,0.002572044449085889,0
_gogo2728,Daily Vlogs,12400000,India,86700.0,8200,Asia,0.005250576010547683,0
FilmTheory,"Movies, Animation",12400000,United States,1200000.0,71500,North America,0.04018413082782343,0
HISTORY,Movies,12400000,United States,108200.0,1900,North America,0.004850576010547683,0
NattiNatasha,Music and Dance,12400000,United States,56300.0,3400,North America,0.003857884980647351,0
123GO_,DIY and Life Hacks,12400000,United States,133200.0,549,North America,0.005238971359384892,0
JoojNatu,Unknown,12400000,Brazil,2300000.0,197700,South America,0.08379409760523207,0
belabagunca,"Movies, Animation",12400000,Brazil,114900.0,3900,South America,0.005292104249750341,0
BlackEyedPeas,Music and Dance,12400000,United States,10100.0,498,North America,0.0023688949474247596,0
rathorvideo,Music and Dance,12400000,India,5300.0,55,Asia,0.002193981326162301,0
InsideEdition,News and Politics,12400000,United States,65800.0,1700,North America,0.0038359580703483474,0
Panda.,"Animation, Video Games",12400000,India,839300.0,70100,Asia,0.03159575873480018,0
NirahuaMusic,Unknown,12300000,India,799200.0,8900,Asia,0.021625647971072196,0
WatchMeOff,"Movies, Animation",12300000,Russia,749800.0,20200,Europe,0.02209109647605558,0
LuanSantana,Music and Dance,12300000,Brazil,1200000.0,50000,South America,0.036818006775058906,0
JugnuKidsrhymes,"Food and Drink, Toys",12300000,Unknown,46900.0,176,Unknown,0.002884013419577178,0
MBCMASRtv,Unknown,12200000,Egypt,2200.0,39,Africa,0.001530211625948866,0
Lulu99,Unknown,12200000,Colombia,410400.0,32000,South America,0.015589092024619963,0
LipaoGamer,"Movies, Animation",12200000,Brazil,130100.0,5100,South America,0.005227630230600029,0
lilwayne,Cars and Vehicles,12200000,United States,203700.0,11100,North America,0.00779640099471963,0
natandessie,"Toys, DIY and Life Hacks",12200000,United States,62600.0,256,North America,0.0029658627887395638,0
itsxomgpop,"Music and Dance, Movies",12200000,Unknown,32900.0,1500,Unknown,0.0024528794000352448,0
yogawithadriene,Fitness,12200000,United States,0.0,0,North America,0.001473477406679763,0
SPDNOO1,Comedy,12200000,Thailand,1600000.0,62500,Asia,0.047611351160832587,0
bbcearth,Unknown,12200000,United States,92100.0,1600,North America,0.003843909300367471,0
telugufilmnagar,Unknown,12200000,India,3400.0,55,Asia,0.0015604043169787662,0
MashaBearHINDI,"Animation, Toys",12200000,Unknown,90900.0,1600,Unknown,0.003816002323623285,0
MUSATANVEER,Unknown,12200000,Pakistan,166700.0,3200,Asia,0.005807364449869132,0
brancoala,"Movies, Animation",12200000,Brazil,343100.0,6200,South America,0.01033826145983591,0
KooKooTvHindi,Unknown,12200000,India,337800.0,2600,Asia,0.009700719931596706,0
TWOSIDEGAMERS,Unknown,12200000,India,200400.0,18800,Asia,0.008819656808673118,0
flamingo,"Animation, Video Games",12200000,United States,1800000.0,71300,North America,0.05351965680867311,0
OumWalidcuisine,Education,12200000,Algeria,333500.0,16000,Africa,0.011515005645882422,0
elrubius,"Movies, Animation",12200000,Mexico,1100000.0,85600,North America,0.0392834441840884,0
Aniruddhacharyaji,Daily Vlogs,12100000,India,116400.0,3600,Asia,0.00440004438381557,0
SaregamaHumBhojpuri,Music and Dance,12100000,India,39300.0,2200,Asia,0.0024070211280016168,0
Super_Senya_RU,"Animation, Toys",12100000,Unknown,47200.0,192,Unknown,0.002303884915377032,0
HiTechIslamic,Music and Dance,12100000,Pakistan,62200.0,810,Asia,0.002741007838965072,0
CarryisLive,"Movies, Comedy",12000000,India,0.0,0,Asia,0.0008840864440078561,0
Family-Box,Movies,12000000,Russia,173600.0,6600,Europe,0.00586415288919058,0
AnnoyingOrange,"Movies, Animation",12100000,United States,187200.0,6900,North America,0.006517984583151119,0
timesmusicindia,Music and Dance,12100000,India,5400.0,265,Asia,0.0013422204635497896,0
Super_Senya_RU,"Animation, Toys",12100000,Unknown,47200.0,192,Unknown,0.002303884915377032,0
HiTechIslamic,Music and Dance,12100000,Pakistan,62200.0,810,Asia,0.002741007838965072,0
HeeraGoldOfficial,Daily Vlogs,12000000,Pakistan,30600.0,953,Asia,0.0017318572081274574,0
ChainsmokersVEVO,Music and Dance,12000000,United States,406600.0,16300,North America,0.012668471826067656,0
Family-Box,Movies,12000000,Russia,177400.0,6300,Europe,0.005909667839356694,0
linhnhishorts,Unknown,12000000,United States,500700.0,8300,North America,0.013713986776233771,0
dojacat,Music and Dance,11900000,United States,13600000.0,395300,North America,0.3733398893015423,2
BS_Arabic,Unknown,11900000,Egypt,6000.0,160,Africa,0.0007517829892499798,0
deepalimarkam1,Unknown,11900000,India,1400000.0,0,Asia,0.03314753049755563,0
M4Techofficial,Unknown,11900000,India,825300.0,38100,Asia,0.025225271361343005,0
CNCOMusic,Music and Dance,11900000,Mexico,8400.0,2100,North America,0.0010847397998812092,0
SingleTrackStudioz,Music and Dance,11900000,India,20300.0,351,Asia,0.0011116268430705779,0
FrontaLGaming,"Movies, Animation",11900000,Unknown,113100.0,3900,Unknown,0.0037767663779542985,0
mmdcrew,"Music and Dance, Movies",11900000,Russia,3100000.0,189900,Europe,0.0998109856470573,0
PlanetEarthINDIA,Daily Vlogs,11900000,India,12200.0,577,Asia,0.0009555404643330364,0
TeremokSongs,Unknown,11900000,Russia,66100.0,170,Europe,0.0021508859792832022,0
user-tt5ge5fj4i,"Music and Dance, Animation",11900000,Unknown,72200.0,385,Unknown,0.002323460730113767,0
UTKARSHCLASSES13,Education,11900000,India,79100.0,6300,Asia,0.0033289258463928373,0
itsbrothersvlog,Unknown,11900000,Unknown,3100000.0,0,Unknown,0.07268241421848587,0
GoldminesHousefull,Unknown,11900000,Unknown,8000.0,0,Unknown,0.0007754374742998137,0
oggy,Unknown,11900000,Unknown,163700.0,1300,Unknown,0.004582081992572239,0
PeppaPigHindiOfficial,"Movies, Toys",11900000,Unknown,451700.0,2900,Unknown,0.011508327839748318,0
KaKaKidsTV,Animation,11900000,Unknown,19200.0,434,Unknown,0.0010979025905788835,0
toysplay,"Animation, Toys",11900000,Unknown,185200.0,506,Unknown,0.004968653421143668,0
NickDiGiovanni,Food and Drink,11900000,United States,4300000.0,339800,North America,0.14913224810552905,4
sagahits,Music and Dance,11900000,India,25800.0,497,Asia,0.001260390962671907,0
HikakinTV,Comedy,11900000,Japan,2100000.0,51000,Asia,0.056712314550711775,0
Jackdohertyy,Unknown,11900000,United States,867800.0,37000,North America,0.026056500597223402,0
GarenaFreeFireLATAM,Unknown,11900000,Mexico,37900.0,2600,North America,0.0018422148829376876,0
Enterr10Rangeela,Music and Dance,11900000,India,20600.0,325,Asia,0.0011148893015423386,0
KenhThieuNhiBHMedia,"Music and Dance, Animation",11900000,United States,10200.0,28,North America,0.0008306002649974882,0
mussoumano,"Music and Dance, Animation",11900000,Brazil,1600000.0,68700,South America,0.04761297900253902,0
videogyan,"Animation, Toys",11800000,Unknown,955300.0,19800,Unknown,0.025339545979674825,0
lukedavidson81,"Animation, Comedy",11800000,United States,1700000.0,109200,North America,0.05542957920226619,0
cute.shivani.05,Unknown,11700000,India,2100000.0,0,Asia,0.04883720930232558,0
NFL,Sports,11700000,United States,21400.0,692,North America,0.0005965315614617941,0
MykeTowers,Music and Dance,11700000,Colombia,11000.0,629,South America,0.000345671096345515,0
cut,Comedy,11700000,United States,359000.0,8800,North America,0.009605980066445183,0
JoeHattab,Movies,11700000,Somalia,1900000.0,98500,Africa,0.05825747508305648,0
BeAmazed,Education,11700000,United States,477800.0,9900,North America,0.012525913621262458,0
5MinuteCraftsLIKE,Unknown,11700000,India,2700.0,28,Asia,6.67906976744186e-05,0
RedChilliesEntertainment,Unknown,11700000,India,848300.0,66700,Asia,0.029256478405315617,0
VYRLOriginals,Unknown,11700000,India,48800.0,949,Asia,0.0012704551495016612,0
hamzymukbang,Unknown,11700000,United States,397400.0,14000,North America,0.01124186046511628,0
Adaahqueen,Unknown,11700000,India,1100000.0,92500,Asia,0.03879568106312292,0
LittleAngelIndonesia,Music and Dance,11700000,Unknown,211400.0,745,Unknown,0.005022707641196013,0
PenMultiplex,Unknown,11700000,India,14000.0,81,Asia,0.00033715282392026574,0
OneindiaHindi,News and Politics,11700000,India,2200.0,31,Asia,5.559136212624585e-05,0
